Gorilla_ID,face_detection_natura,face_detection_smile,AU12_scalar_natura,AU12_scalar_smile,AU12_binary_natura,AU12_binary_smile,face_compliance_scalar,face_compliance_binary
16155757,1,1,0,2.229807692307692,0,1,TRUE,TRUE
16155759,1,1,0,1.3178846153846153,0,1,FALSE,TRUE
16155760,1,1,0,1.4358009049773754,0,0.9826923076923078,FALSE,TRUE
16155761,0.9257256894049347,0.838388969521045,0.1093733671988389,0.33071480406386067,0.057656023222060954,0.18120464441219158,FALSE,FALSE
16155766,1,1,0.0031266968325791853,0.004420060331825039,0,0,FALSE,FALSE
16155769,1,1,0,2.1340384615384616,0,1,TRUE,TRUE
16155777,0.44235995477438583,0.3596669750231267,6.536231884057971e-4,0.34117067530064754,0,0.2678373933600575,FALSE,FALSE
16155801,1,1,0.5709803921568628,2.517843137254902,0.05882352941176475,1,TRUE,TRUE
16156287,0.9803921568627451,0.9921568627450981,0.39784313725490195,2.2226666666666666,0.07450980392156864,0.9784313725490196,TRUE,TRUE
16156288,1,1,1.462156862745098,1.6229411764705883,1,0.9803921568627451,FALSE,FALSE
16156291,1,1,0.027230769230769232,3.121365384615385,0,1,TRUE,TRUE
16156292,1,1,0.021557692307692305,1.28975,0,0.948076923076923,FALSE,TRUE
16156294,1,1,0.1450980392156863,2.36156862745098,0,1,TRUE,TRUE
16156301,1,1,0.5250980392156863,0.7970588235294117,0,0,FALSE,FALSE
16156307,1,1,0,0.6448076923076923,0,0.3846153846153845,FALSE,FALSE
16156339,0.9941176470588236,1,0.16024095022624435,2.1738404977375567,0,0.7317873303167421,TRUE,TRUE
16156370,1,1,0.0535294117647059,2.416346153846154,0,1,TRUE,TRUE
16156850,1,1,0.34470776772247363,3.1525003770739066,0.18103318250377073,1,TRUE,TRUE
16157820,1,1,0.4365,2.6934423076923077,0.03846153846153846,1,TRUE,TRUE
16157821,1,1,0.01219230769230769,2.3415739064856713,0,1,TRUE,TRUE
16157822,1,1,1.291903092006033,1.8632307692307692,0.7184766214177979,0.7923076923076923,FALSE,FALSE
16157823,1,1,0,1.1199999999999999,0,0,FALSE,FALSE
16157825,1,1,0.23923076923076922,0,0,0,FALSE,FALSE
16157826,1,1,0,1.5588461538461538,0,0.9423076923076923,TRUE,TRUE
16157827,0.9769230769230769,0.8673076923076923,0.5463269230769231,0.9245,0.13846153846153844,0.5230769230769231,FALSE,TRUE
16157828,1,1,2.475192307692308,2.361153846153846,0.8269230769230771,0.7692307692307692,FALSE,FALSE
16157832,1,1,0,1.825,0,1,TRUE,TRUE
16157833,1,1,0.6657692307692308,2.5338846153846153,0.4230769230769231,1,TRUE,TRUE
16157834,1,1,0.030731146304675716,0.44064027149321267,0,0.01764705882352941,FALSE,FALSE
16157835,1,1,0.6089038461538462,2.415490203193033,0.31346153846153846,0.9137880986937591,TRUE,TRUE
16157837,1,1,2.5195384615384615,1.7718846153846155,1,0.925,FALSE,FALSE
16157844,1,1,0.6220384615384615,2.04675,0.5903846153846154,1,FALSE,FALSE
16157847,1,1,0.006993481996726674,4.231398519573132,0,1,TRUE,TRUE
16157852,1,1,0.18403846153846154,0.49423076923076925,0.5769230769230771,1,FALSE,FALSE
16157862,1,1,0,3.1948076923076925,0,1,TRUE,TRUE
16157881,1,1,2.8253846153846154,2.8407692307692307,0.9038461538461539,0.8846153846153845,FALSE,FALSE
16157895,1,1,0.07480769230769231,3.896730769230769,0,1,TRUE,TRUE
16169745,1,1,0.0033911100912817206,0.0559702151993072,0.0010989010989011017,0.018849463633148655,FALSE,FALSE
16169746,1,1,0.15039215686274512,2.9676470588235295,0.2352941176470588,1,TRUE,TRUE
16169748,1,1,0.15768815987933635,0.575326923076923,0.00961538461538461,0.29038461538461535,FALSE,FALSE
16169749,1,1,0.11182692307692307,3.610326923076923,0.013461538461538462,1,TRUE,TRUE
16169751,1,1,0.022332202111613873,0.032138009049773764,0,0.0076923076923076945,FALSE,FALSE
16169752,1,1,0.0225,2.770769230769231,0,1,TRUE,TRUE
16169753,1,1,0.4594766214177979,2.5550392156862745,0,1,TRUE,TRUE
16169755,1,1,0.032075471698113214,2.933269230769231,0,1,TRUE,TRUE
16169757,1,1,0.015884615384615382,1.40825,0.37115384615384617,0.9980769230769231,FALSE,TRUE
16169758,1,1,0.22423076923076923,0.7738461538461539,0,0,FALSE,FALSE
16169760,1,1,0.19090021770682147,2.271911465892598,0,0.9867924528301887,TRUE,TRUE
16169761,1,1,0.9973584905660378,2.8203846153846155,1,1,TRUE,FALSE
16169762,1,1,0,1.8825,0,1,TRUE,TRUE
16169764,1,1,0,0.9507816742081449,0,0.9264705882352942,FALSE,TRUE
16169765,1,1,0.0028076923076923075,2.946057692307692,0,0.9826923076923078,TRUE,TRUE
16169766,1,1,0,0,0,0,FALSE,FALSE
16169772,1,1,1.9230769230769225e-4,2.478269230769231,0,1,TRUE,TRUE
16169774,1,1,0,1.0062379336349925,0,1,FALSE,TRUE
16169775,0,0,0,0,0,0,FALSE,FALSE
16169776,1,0.9846153846153847,2.884615384615383e-4,0.029134615384615387,0,0.03461538461538461,FALSE,FALSE
16169779,1,1,0,1.5015384615384615,0,1,TRUE,TRUE
16169781,1,1,0,2.678077677224736,0,0.9301659125188537,TRUE,TRUE
16169784,1,1,0.008884615384615387,0.22726923076923078,0,0.18076923076923082,FALSE,FALSE
16169786,1,1,1.1098076923076923,2.648076923076923,1,1,TRUE,FALSE
16169792,1,1,0,2.081153846153846,0,1,TRUE,TRUE
16169823,1,1,0.05576923076923075,2.351923076923077,0.5384615384615385,1,TRUE,FALSE
16169826,1,1,0.006538461538461536,0.9785384615384616,0.02692307692307691,0.6826923076923077,FALSE,TRUE
16169867,1,1,0.12014177978883861,0.11233371040723981,0.3844645550527903,0.1164404223227752,FALSE,FALSE
16169919,1,1,0.16288461538461538,0.7975,0.019230769230769214,0.173076923076923,FALSE,FALSE
16169941,1,1,0,1.0796153846153846,0,0.6923076923076923,FALSE,TRUE
16171511,1,NA,3.8409615384615385,NA,1,NA,NA,FALSE
16171512,1,1,0,2.65156862745098,0,0.9019607843137255,TRUE,TRUE
16171515,1,1,0,1.6421153846153846,0,0.9038461538461539,TRUE,TRUE
16171519,1,1,0.5617115384615384,2.1656153846153847,0.4807692307692308,0.948076923076923,TRUE,TRUE
16171520,1,1,0.15942307692307692,2.1428846153846153,0,1,TRUE,TRUE
16171521,1,1,0.9073653846153846,1.514326923076923,0,0.5653846153846154,FALSE,TRUE
16171522,0.6923076923076923,0.9038461538461539,0.5896153846153847,0,0.19230769230769218,0,FALSE,FALSE
16171523,1,1,0.0029728506787330316,2.61240233785822,0,1,TRUE,TRUE
16171524,1,1,0,0,0,0,FALSE,FALSE
16171525,1,1,0,2.434003265602322,0,1,TRUE,TRUE
16171526,0,0,0,0,0,0,FALSE,FALSE
16171528,1,1,0.007490196078431372,2.3142334087481147,0,0.9,TRUE,TRUE
16171529,1,1,0,1.4064,0,0.9,FALSE,TRUE
16171530,1,1,0.584,0.3302369375907112,0.011538461538461536,0,FALSE,FALSE
16171534,1,1,0.8839586357039187,1.3870250362844703,0.01698113207547169,0.8097968069666184,FALSE,TRUE
16171540,1,0.9865384615384616,0.14617307692307693,0.12998076923076923,0,0,FALSE,FALSE
16171543,0.9673076923076923,0.6692307692307692,0.24117760180995476,0.21832692307692309,0.07556561085972849,0.08269230769230766,FALSE,FALSE
16171544,1,1,1.0020071644042232,1.5039487179487179,0.5001885369532428,0.4782428355957768,FALSE,FALSE
16171549,1,1,0.4874030920060332,2.8007797888386126,0.2464932126696833,0.9923076923076923,TRUE,TRUE
16171550,1,1,0,0.006346153846153848,0,0,FALSE,FALSE
16171575,1,1,0.04692307692307692,0.1317926093514329,0.523076923076923,0.3506033182503771,FALSE,FALSE
16171587,1,1,0,1.2453846153846153,0,0.5384615384615385,FALSE,TRUE
16171599,1,1,0.06673076923076923,3.326923076923077,0,1,TRUE,TRUE
16171604,1,1,0.5169230769230769,1.7021153846153847,0.3461538461538461,0,FALSE,FALSE
16171607,1,1,0.34608272859216255,1.1781346153846153,0,0.33076923076923076,FALSE,FALSE
16171624,1,1,0.7654434389140271,0.9638114630467571,0,0.17699849170437407,FALSE,FALSE
16171629,1,1,0,3.0537254901960784,0,1,TRUE,TRUE
16176468,1,0.9961538461538462,0.14513876319758673,0.1063657616892911,0.0019230769230769217,0,FALSE,FALSE
16176469,1,1,4.3696153846153845,1.1558823529411766,1,0,FALSE,FALSE
16176471,1,1,0.34750000000000003,2.6084615384615386,0,1,TRUE,TRUE
16176472,1,1,0,2.5123076923076924,0,1,TRUE,TRUE
16176473,1,1,0.6601923076923076,0.5832692307692308,0,0,FALSE,FALSE
16176474,1,0.9038461538461539,0.021764705882352943,1.3896153846153847,0,0.6153846153846154,FALSE,TRUE
16176475,1,0.9679463459759482,0.010349888220783228,0.03948288621646624,0,0,FALSE,FALSE
16176477,1,1,2.623024886877828,2.483942307692308,0.9056184012066365,0.8807692307692307,FALSE,FALSE
16176478,1,1,0.10399999999999995,4.077058823529412,0,1,TRUE,TRUE
16176480,0.7653846153846153,0.9538461538461538,0,0.326423880873104,0.0019230769230769217,0.0018867924528301891,FALSE,FALSE
16176489,1,1,0,2.253921568627451,0,1,TRUE,TRUE
16176491,0.9980769230769231,0.9884615384615385,0.9150576923076923,1.1871923076923077,0.15769230769230771,0.45,FALSE,FALSE
16176494,1,0.9961538461538462,1.3460961538461538,0.8308653846153847,0.9692307692307692,0.3711538461538461,FALSE,FALSE
16176497,1,1,1.5507843137254902,0.4838461538461538,0.09803921568627447,0,FALSE,FALSE
16176499,0.8846153846153846,0.7076923076923077,0.03561538461538462,0.13492307692307695,0,0.09807692307692308,FALSE,FALSE
16176500,1,1,0.10084615384615385,3.4139807692307693,0,1,TRUE,TRUE
16176501,1,0.9038461538461539,0,0.5288461538461539,0,0.23653846153846156,FALSE,FALSE
16176502,1,1,0.42334615384615387,2.0349423076923077,0,1,TRUE,TRUE
16176504,1,1,0.076,0.26569230769230767,0.12692307692307692,0.44807692307692304,FALSE,FALSE
16176506,1,1,0,2.558692307692308,0,0.9211538461538461,TRUE,TRUE
16176509,1,1,0,1.5648076923076923,0,0.6346153846153844,TRUE,TRUE
16176511,1,1,0.9432692307692307,0.6788679245283019,1,0.7924528301886791,FALSE,FALSE
16176512,1,1,0.9580192307692308,2.5985384615384617,0.6826923076923077,0.9942307692307693,TRUE,FALSE
16176513,1,1,1.135686274509804,2.513846153846154,0.5294117647058825,1,FALSE,FALSE
16176518,1,1,0.27692307692307694,0.8372549019607842,0,0.5686274509803924,FALSE,TRUE
16176520,1,1,0.11846153846153847,1.3096153846153846,0,0.8461538461538463,FALSE,TRUE
16176525,1,1,0.4621285822021116,3.4235384615384614,0.0019230769230769217,1,TRUE,TRUE
16176526,1,1,0,0,0,0,FALSE,FALSE
16176535,1,1,0,2.5965384615384615,0,1,TRUE,TRUE
16176537,1,1,8.653846153846155e-4,0.024474736048265458,0,0,FALSE,FALSE
16176539,1,1,0.3971153846153846,3.997692307692308,0,1,TRUE,TRUE
16176540,1,1,0.4146153846153846,3.4332692307692305,0,1,TRUE,TRUE
16176542,1,1,0.006153846153846156,1.8278846153846153,0,0.6346153846153844,TRUE,TRUE
16176543,0.44473604826546004,0.4707767722473605,0.12153996983408748,0.24392533936651584,0.08269230769230766,0.125,FALSE,FALSE
16176548,1,1,0,0.0011538461538461544,0,0,FALSE,FALSE
16176549,0.9843137254901961,0.9903092006033183,0.039965309200603316,0.13433185581925078,0.001960784313725489,0.039992150706436407,FALSE,FALSE
16176562,1,1,0,0.0021153846153846153,0,0,FALSE,FALSE
16176576,1,1,0.4611711915535445,1.3585,0.2535444947209653,1,FALSE,TRUE
16176578,1,0.9038461538461539,0,1.7940384615384615,0,0.9615384615384615,TRUE,TRUE
16176583,1,1,0.0017307692307692308,1.6678846153846154,0,0.6923076923076922,TRUE,TRUE
16176605,1,1,0.024999999999999998,2.148846153846154,0,0.9423076923076923,TRUE,TRUE
16176611,1,1,0,1.1265576923076923,0,0.6653846153846155,FALSE,TRUE
16176620,0,0,0,0,0,0,FALSE,FALSE
16176631,1,1,0.1468653846153846,2.792846153846154,0.12307692307692304,1,TRUE,TRUE
16176632,1,1,0.03519230769230769,2.0928846153846155,0,1,TRUE,TRUE
16176635,1,1,1.6676923076923076,1.1836538461538462,1,0.5769230769230771,FALSE,FALSE
16176640,1,1,0.0015384615384615393,1.2363076923076923,0,0.7980769230769231,FALSE,TRUE
16176672,1,1,0.04161538461538462,2.0646923076923076,0.021153846153846145,1,TRUE,TRUE
16178069,1,1,0.8819230769230768,2.4690196078431375,0.75,0.9411764705882353,TRUE,FALSE
16178072,1,1,2.3219230769230768,1.315,1,0.6153846153846156,FALSE,FALSE
16178073,1,1,0.04470588235294118,3.5641176470588234,0,1,TRUE,TRUE
16178074,1,1,0.1289043137254902,3.6378849924585217,0,0.9901960784313726,TRUE,TRUE
16178078,1,1,0,0,0,0,FALSE,FALSE
16178079,1,1,0.6526523947750362,1.2410849056603774,0.12779390420899855,0,FALSE,FALSE
16178080,1,1,0.6196153846153846,3.0911538461538464,0,1,TRUE,TRUE
16178081,1,1,1.367778664731495,2.6249038461538463,0.9154208998548621,0.9442307692307692,FALSE,FALSE
16178082,1,1,0,1.116923076923077,0,0.8461538461538463,FALSE,TRUE
16178084,1,1,0.0027692307692307695,1.6072692307692307,0,0.9980769230769231,TRUE,TRUE
16178085,1,1,0.185,2.276923076923077,0,1,TRUE,TRUE
16178086,1,1,0,2.2984483408748115,0,1,TRUE,TRUE
16178088,1,1,0,0,0,0,FALSE,FALSE
16178090,0.9826923076923076,1,0.4445769230769231,1.4337115384615384,0,0.4096153846153846,FALSE,FALSE
16178091,1,1,0,3.2023076923076923,0,1,TRUE,TRUE
16178092,1,0.9884615384615385,0.0405,0.02013461538461538,0,0,FALSE,FALSE
16178093,1,1,0.06576923076923076,2.4007692307692308,0,1,TRUE,TRUE
16178095,1,1,0,1.2078846153846154,0,1,FALSE,TRUE
16178096,1,1,0.40365384615384614,1.1088461538461538,0,0,FALSE,FALSE
16178097,1,1,0,1.7980769230769231,0,1,TRUE,TRUE
16178098,1,1,0.24794049346879538,2.698756894049347,0.1942307692307692,1,TRUE,TRUE
16178099,1,1,0.031538461538461536,2.688653846153846,0,1,TRUE,TRUE
16178100,1,1,0.027439767779390428,1.5481255442670536,0,0.8412191582002904,TRUE,TRUE
16178101,1,1,0.3873412518853695,1.818405354449472,0.2573906485671192,1,FALSE,TRUE
16178102,1,1,1.019423076923077,2.669423076923077,0.5961538461538463,1,TRUE,FALSE
16178103,1,1,0.3640603318250377,0.5137496229260935,0,0.0019230769230769219,FALSE,FALSE
16178105,1,1,2.307692307692309e-4,2.7655,0,1,TRUE,TRUE
16178106,1,1,1.7307692307692307e-4,0.0018749999999999986,0,0,FALSE,FALSE
16178107,1,1,0.03461538461538462,2.010884615384615,0,0.23076923076923078,TRUE,FALSE
16178108,0.9884615384615385,1,0.5960192307692308,1.9621923076923076,0.17884615384615382,0.9711538461538461,FALSE,TRUE
16178110,0.9846153846153847,1,0.03059615384615386,0.44603846153846155,0,0.17115384615384613,FALSE,FALSE
16178111,1,0.7692307692307693,0,1.9019230769230768,0,0.7692307692307692,FALSE,FALSE
16178113,1,1,5.192307692307693e-4,1.2693606676342526,0,0.9788461538461538,FALSE,TRUE
16178114,1,1,0.0094815233785822,3.049792232277526,0,1,TRUE,TRUE
16178115,1,1,0.325,2.1326923076923077,0,0.8653846153846154,TRUE,TRUE
16178119,1,1,0.5256500754147813,3.1873808446455505,0.2604826546003016,1,TRUE,TRUE
16178120,1,1,0.02288461538461539,2.7442307692307693,0,1,TRUE,TRUE
16178121,1,1,0,3.0854901960784313,0,1,TRUE,TRUE
16178123,1,1,0,2.438076923076923,0,1,TRUE,TRUE
16178124,1,1,0,2.0615384615384613,0,0.9038461538461539,TRUE,TRUE
16178125,1,1,0.029038461538461534,1.8276923076923077,0,1,TRUE,TRUE
16178130,1,1,0.7880803167420815,3.158325471698113,0.015384615384615389,1,TRUE,TRUE
16178131,1,1,1.6476923076923076,3.0615384615384613,0.7692307692307692,0.923076923076923,FALSE,FALSE
16178132,1,1,0.32294117647058823,2.754117647058824,0,0.8627450980392156,TRUE,TRUE
16178143,1,1,0,0,0,0,FALSE,FALSE
16178149,1,1,0.46219683257918553,3.366326923076923,0,1,TRUE,TRUE
16178168,1,1,0.4505769230769231,0.7275,0,0.23076923076923073,FALSE,FALSE
16178241,1,1,0.8332692307692308,3.035769230769231,0,1,TRUE,TRUE
16178272,1,1,0.8364038461538461,2.6813653846153844,0.30576923076923074,0.8403846153846154,TRUE,TRUE
16178320,1,1,0.02006168359941944,9.056603773584903e-4,0,0,FALSE,FALSE
16200799,1,1,0,1.314423076923077,0,1,FALSE,TRUE
16200801,1,1,0,0,0,0,FALSE,FALSE
16200807,1,1,0,2.274423076923077,0,1,TRUE,TRUE
16200809,1,1,0.005192307692307694,3.249230769230769,0,1,TRUE,TRUE
16200814,1,1,0.04271153846153846,2.0834807692307695,0,0.95,TRUE,TRUE
16200817,1,1,0.026491704374057314,0.520947963800905,0,0,FALSE,FALSE
16200819,1,1,0,2.006346153846154,0,1,TRUE,TRUE
16200820,1,1,0.25363310708898945,1.6344687028657616,0,1,FALSE,TRUE
16200821,1,1,0.2213653846153846,7.550798258345425e-4,0.07115384615384615,0,FALSE,FALSE
16200823,1,1,2.000576923076923,2.3807692307692307,1,1,FALSE,FALSE
16200825,1,1,0,2.4951923076923075,0,1,TRUE,TRUE
16200829,1,1,0.13282428355957768,1.9095573152337857,0,0.8846153846153846,TRUE,TRUE
16200843,1,1,0.003461538461538462,2.2421153846153845,0,0.9615384615384615,TRUE,TRUE
16200846,1,1,0.7886734397677794,3.4133846153846155,0.34136429608127716,1,TRUE,TRUE
16200853,1,1,0,1.3708846153846155,0,0.7557692307692307,FALSE,TRUE
16200906,1,1,0.009807692307692309,0.19903846153846155,0,0,FALSE,FALSE
16200961,1,1,1.0559905731523378,2.891722850678733,0.3549773755656109,1,TRUE,TRUE
16200968,1,1,0,2.626923076923077,0,1,TRUE,TRUE
16201188,1,1,0.45342307692307693,1.3125,0.20000000000000004,0.7115384615384616,FALSE,TRUE
16201216,0.5403846153846154,1,0.4376923076923077,0.8944423076923077,0.09423076923076922,0.7307692307692307,FALSE,FALSE
16201752,1,1,0.0024615384615384616,0.17908748114630468,0.007692307692307696,0.09423076923076924,FALSE,FALSE
16201754,1,1,0,2.2140384615384616,0,0.8653846153846155,TRUE,TRUE
16201755,1,1,0,0,0,0,FALSE,FALSE
16201758,1,1,0,2.921153846153846,0,1,TRUE,TRUE
16201759,1,1,0,2.4038461538461537,0,0.8269230769230771,TRUE,TRUE
16201760,1,1,0,0,0,0,FALSE,FALSE
16201762,1,1,0,2.960192307692308,0,1,TRUE,TRUE
16201766,1,1,0.9994807692307692,0.4811730769230769,0.8961538461538461,0.22884615384615384,FALSE,FALSE
16201767,1,1,0,0,0,0,FALSE,FALSE
16201768,1,1,0,3.806923076923077,0,1,TRUE,TRUE
16201770,0.34901960784313724,0.11176470588235293,0.629686274509804,0.12237254901960785,0.3078431372549019,0.049019607843137254,FALSE,FALSE
16201772,1,1,0,1.8303076923076924,0,0.8615384615384616,TRUE,TRUE
16201773,1,1,0.35038461538461535,1.9732692307692308,0,1,TRUE,TRUE
16201779,1,1,0,0.5088235294117647,0,0.6666666666666667,FALSE,TRUE
16201783,1,1,0.06898981900452487,2.553358597285068,0.0923076923076923,0.7842383107088989,TRUE,TRUE
16201784,1,1,0.09993323657474601,2.6731153846153846,0.023076923076923068,1,TRUE,TRUE
16201785,1,1,0.06615384615384615,2.2290384615384617,0,1,TRUE,TRUE
16201786,1,1,0,3.188653846153846,0,1,TRUE,TRUE
16201793,1,1,0.6085036764705882,0.0963529411764706,0.07254901960784313,0.04509803921568629,FALSE,FALSE
16201799,1,1,0.15711538461538463,2.729230769230769,0,1,TRUE,TRUE
16201802,1,1,0,1.9808846153846154,0,1,TRUE,TRUE
16201804,1,1,0,1.1223529411764706,0,0.7254901960784315,FALSE,TRUE
16201808,1,1,0.0012307692307692306,3.1266153846153846,0,1,TRUE,TRUE
16201810,1,1,0,2.8721153846153844,0,1,TRUE,TRUE
16201821,1,1,0,1.4696153846153845,0,0.8076923076923078,FALSE,TRUE
16201825,1,1,0,1.1782884615384615,0,0.9807692307692308,FALSE,TRUE
16201896,1,1,0.39903846153846156,1.4032692307692307,0,0,FALSE,FALSE
16201952,1,1,0.5117307692307692,0.46634615384615385,0,0,FALSE,FALSE
16202061,0.9615384615384616,1,0.5021153846153846,3.7217307692307693,0,0.9807692307692307,TRUE,TRUE
16202779,1,1,0,2.813076923076923,0,1,TRUE,TRUE
16202784,1,1,0.00153846153846154,0.0023846153846153848,0,0,FALSE,FALSE
16202792,1,1,0,0,0,0,FALSE,FALSE
16202794,1,1,0.0033417997097242376,1.0536774310595065,0,0.7711538461538462,FALSE,TRUE
16202796,1,1,0.023945936139332373,1.8291346153846155,0,0.6115384615384615,TRUE,TRUE
16202800,1,1,0.3803653846153846,1.8635,0.33076923076923076,1,FALSE,TRUE
16202803,1,1,3.5773076923076923,2.8659615384615384,1,1,FALSE,FALSE
16202804,1,1,0.7831131221719457,2.4055625942684764,0.0078054298642533885,0.3400075414781297,TRUE,FALSE
16202807,1,1,0.3640769230769231,0.15711538461538463,0.09615384615384613,0.011538461538461548,FALSE,FALSE
16202809,1,1,0.9376923076923077,2.0978846153846153,0.13461538461538464,1,FALSE,TRUE
16202810,1,1,0,1.2436538461538462,0,0.576923076923077,FALSE,TRUE
16202811,1,1,0.001461538461538461,0.6010576923076922,0.00769230769230769,0.6942307692307692,FALSE,TRUE
16202813,1,0.7692307692307693,1.495,1.4417307692307693,0.8076923076923078,0.7692307692307692,FALSE,FALSE
16202815,1,1,0,1.668653846153846,0,0.8461538461538463,TRUE,TRUE
16202816,1,1,5.769230769230773e-4,1.5857692307692308,0,1,TRUE,TRUE
16202818,1,1,0.18826923076923077,2.776346153846154,0,1,TRUE,TRUE
16202820,1,1,0.6729089259796807,0.972455007256894,0.7711538461538462,0.9384615384615385,FALSE,FALSE
16202822,1,1,0.3644230769230769,3.5523076923076924,0,1,TRUE,TRUE
16202823,1,1,0,2.495192307692308,0,0.923076923076923,TRUE,TRUE
16202824,1,1,1.166952488687783,0.004884615384615385,1,0.06538461538461542,FALSE,FALSE
16202825,1,1,0,1.331923076923077,0,1,FALSE,TRUE
16202826,0.9961538461538462,1,0.3390366473149492,1.0636596516690857,0.613243831640058,1,FALSE,FALSE
16202830,0.9922322775263952,1,0.039881221719457016,0.8442070135746607,0.01176470588235294,0.2596153846153846,FALSE,FALSE
16202833,1,1,0.13461538461538464,1.104423076923077,0,0.48076923076923106,FALSE,FALSE
16202834,1,1,0.26055555555555554,0.021471536848895346,0,0.0021367521367521352,FALSE,FALSE
16202837,0.9903846153846154,0.9923076923076923,0.011576923076923077,0.0024807692307692304,0.03076923076923076,0,FALSE,FALSE
16202839,1,1,0,1.786470588235294,0,1,TRUE,TRUE
16202840,1,1,0.007153846153846155,3.5412884615384614,0,1,TRUE,TRUE
16202842,1,1,0.18144532428355958,1.2895810708898945,0,0.9035822021116139,FALSE,TRUE
16202843,1,1,0.7453846153846154,1.2786923076923078,0.15384615384615383,0.698076923076923,FALSE,TRUE
16202844,1,1,0.19130769230769232,2.4313505079825832,0.0173076923076923,0.873367198838897,TRUE,TRUE
16202846,1,1,0.18173076923076922,2.7198076923076924,0,1,TRUE,TRUE
16202847,1,1,0.19442307692307692,2.2519607843137255,0.019230769230769218,0.9607843137254901,TRUE,TRUE
16202848,1,1,0.005576923076923072,3.6521153846153847,0,1,TRUE,TRUE
16202855,0.9192307692307693,0.8038461538461539,0.04990384615384615,0.2618076923076923,0,0.05192307692307693,FALSE,FALSE
16202863,1,1,0.15481636500754148,3.314533559577677,0.019230769230769232,0.9961538461538462,TRUE,TRUE
16202864,1,1,3.3540384615384617,3.6773076923076924,1,1,FALSE,FALSE
16202865,0.9607843137254902,0.5,0,0.9388461538461538,0,0.4038461538461538,FALSE,FALSE
16202867,1,1,0,1.5410370101596516,0,0.9596153846153846,TRUE,TRUE
16202869,1,1,0.29553846153846153,0.26259615384615387,0.08653846153846154,0.0038461538461538438,FALSE,FALSE
16202871,1,1,0.7276923076923077,0.03942307692307692,0,0,FALSE,FALSE
16202876,0.9711901306240929,0.36818848003642674,0.44523149492017416,0.7389800221975582,0,0.34096801274936683,FALSE,FALSE
16202883,0.9843137254901961,1,0.1031315987933635,0.5729072398190045,0.029411764705882346,0.21568627450980393,FALSE,FALSE
16202888,1,1,0,1.146730769230769,0,0.5,FALSE,TRUE
16202890,0.44423076923076926,0.32884615384615384,0.06596153846153846,0.2458846153846154,0.023076923076923068,0.28846153846153844,FALSE,FALSE
16202917,0.9538461538461538,0.9173076923076923,0.6245192307692308,0.5366538461538461,0.05961538461538461,0.011538461538461534,FALSE,FALSE
16202937,1,1,0.39134615384615384,0.9911538461538462,0.25,0.9038461538461539,FALSE,TRUE
16202958,1,1,0.010576923076923078,2.7959615384615386,0,1,TRUE,TRUE
16204418,1,1,0.05326923076923078,1.6415384615384616,0,1,TRUE,TRUE
16204419,1,1,0.2620576923076923,2.385884615384615,0.09807692307692306,1,TRUE,TRUE
16204420,1,1,0.297561320754717,2.485,0,1,TRUE,TRUE
16204421,1,1,0.7717307692307692,0.7573076923076923,1,1,FALSE,FALSE
16204422,1,1,0.5897960030165912,1.7952473604826547,0.24792609351432882,1,FALSE,TRUE
16204423,1,1,0.24461538461538462,3.0309615384615385,0.21153846153846145,1,TRUE,TRUE
16204424,0.85,1,0.9858846153846154,1.42747351233672,0.3673076923076923,1,FALSE,TRUE
16204427,1,1,0.08923076923076924,0.2175,0.019230769230769218,0,FALSE,FALSE
16204428,1,1,0.3361508295625943,2.675969079939668,0,1,TRUE,TRUE
16204429,1,1,0.9898653846153846,2.443173076923077,0.798076923076923,0.9980769230769231,FALSE,FALSE
16204430,1,1,0.0898076923076923,2.8971153846153848,0.05769230769230774,0.9807692307692307,TRUE,TRUE
16204432,1,1,0.005615384615384615,0,0.015384615384615373,0,FALSE,FALSE
16204433,1,1,0,2.453653846153846,0,1,TRUE,TRUE
16204434,1,1,0.054615384615384614,0.002307692307692308,0,0,FALSE,FALSE
16204435,0,0.07692307692307693,0,0.10865384615384621,0,0.038461538461538436,FALSE,FALSE
16204436,1,1,0,1.0678846153846153,0,0.903846153846154,FALSE,TRUE
16204438,0.5,0.4807692307692308,0,0.1648076923076923,0,0.30769230769230765,FALSE,FALSE
16204439,1,1,0.5380961538461538,0.58225,0.1480769230769231,0.05384615384615385,FALSE,FALSE
16204440,1,1,0,0,0,0,FALSE,FALSE
16204441,1,1,1.247843137254902,0.9046153846153846,1,1,FALSE,FALSE
16204445,1,1,0,2.745,0,1,TRUE,TRUE
16204446,1,1,0.27294117647058824,3.7866666666666666,0,1,TRUE,TRUE
16204447,1,0.9823529411764707,0,1.3615501960784313,0,0.9705882352941176,FALSE,TRUE
16204450,1,1,0.024038461538461536,1.3084615384615386,0,0.9807692307692307,FALSE,TRUE
16204452,1,1,1.6,2.6366666666666667,1,1,FALSE,FALSE
16204453,1,1,0,2.5605192307692306,0,1,TRUE,TRUE
16204454,1,1,0.003288461538461538,2.3466153846153848,0,1,TRUE,TRUE
16204455,1,1,0.13413461538461538,3.872492380261248,0.034615384615384624,1,TRUE,TRUE
16204457,1,1,0,3.294423076923077,0,1,TRUE,TRUE
16204458,1,1,0,0.7153733031674208,0,0.6929864253393665,FALSE,TRUE
16204459,1,1,2.539230769230769,1.0432075471698112,0.8846153846153845,0.43396226415094324,FALSE,FALSE
16204461,1,1,0.09343823129251701,2.1060563905562226,0,0.9175838335334133,TRUE,TRUE
16204462,1,1,0.042980769230769225,0.1706429110105581,0,0.04038461538461538,FALSE,FALSE
16204464,1,1,2.1894807692307694,3.0357307692307693,0.7692307692307693,1,FALSE,FALSE
16204465,1,1,0.0030980392156862756,4.117647058823529e-4,0,0,FALSE,FALSE
16204466,1,1,0.009230769230769228,0.4726923076923077,0,0.13461538461538464,FALSE,FALSE
16204468,1,1,0,2.478634238310709,0,0.9673076923076923,TRUE,TRUE
16204469,1,1,0,2.4353846153846153,0,1,TRUE,TRUE
16204473,1,1,0.5328461538461539,2.550134615384615,0,1,TRUE,TRUE
16204474,1,1,0,0.9315384615384615,0,1,FALSE,TRUE
16204476,1,1,0.053581447963800904,1.448343137254902,0.042307692307692296,0.9823529411764707,FALSE,TRUE
16204478,1,1,0,1.4399038461538463,0,0.8211538461538461,FALSE,TRUE
16204480,1,1,0,1.5740384615384615,0,0.7692307692307693,TRUE,TRUE
16204486,1,1,7.692307692307691e-5,1.8956138763197588,0,0.9691553544494721,TRUE,TRUE
16204487,1,1,0,0,0,0,FALSE,FALSE
16204491,0.5576923076923077,1,0,0,0,0,FALSE,FALSE
16204492,0.8615384615384616,0.6936139332365747,0,1.082628809869376,0,0.6572206095791001,FALSE,FALSE
16204494,1,1,0,1.3811538461538462,0,1,FALSE,TRUE
16204502,1,1,0.34137254901960784,1.898653846153846,0,1,TRUE,TRUE
16204532,1,1,0.10740384615384617,1.174423076923077,0,0.19038461538461543,FALSE,FALSE
16204928,1,1,1.390065987933635,1.531406862745098,1,1,FALSE,FALSE
16204929,1,1,0,0.8115384615384617,0,0.46153846153846145,FALSE,FALSE
16204930,1,0.9942307692307693,0.39198076923076924,3.0029615384615385,0.003846153846153843,0.9788461538461538,TRUE,TRUE
16204931,1,1,0.2146153846153846,2.1746153846153846,0,0.8076923076923078,TRUE,TRUE
16204932,1,1,0,3.2903846153846152,0,1,TRUE,TRUE
16204933,1,0.9864253393665159,0.026896923076923075,0.6819128657616893,0,0.8390120663650076,FALSE,TRUE
16204934,1,1,3.8461538461538456e-4,2.439230769230769,0,1,TRUE,TRUE
16204935,1,1,0.05817307692307694,7.499999999999996e-4,0,0,FALSE,FALSE
16204936,1,1,0,0.10826923076923076,0,0.09615384615384612,FALSE,FALSE
16204937,1,1,4.000000000000002e-5,2.7787737556561085,0,1,TRUE,TRUE
16204939,1,1,0.008903846153846156,2.0537556561085974,0,0.9647058823529412,TRUE,TRUE
16204940,0.9980769230769231,0.6854862119013062,0.014134615384615388,1.6868153120464442,0,0.6854862119013062,FALSE,FALSE
16204941,1,1,0.3257953555878084,0.3299335994194485,0,0,FALSE,FALSE
16204942,1,1,0,1.3813461538461538,0,1,FALSE,TRUE
16204943,1,1,0.07173076923076924,2.4026923076923077,0,1,TRUE,TRUE
16204944,1,1,0.19250000000000006,1.1934615384615384,0,0.5192307692307689,FALSE,TRUE
16204945,1,1,1.272549019607843,3.6268627450980393,0.8823529411764706,1,TRUE,FALSE
16204946,1,1,0,1.4332692307692307,0,0.9807692307692307,FALSE,TRUE
16204947,1,1,0.4436538461538462,3.8303846153846153,0,1,TRUE,TRUE
16204948,1,0.9769230769230769,0.26853846153846156,0.42615384615384616,0,0.005769230769230765,FALSE,FALSE
16204949,1,1,0.3317307692307692,2.1925,0,1,TRUE,TRUE
16204950,1,1,0.5880399698340875,1.0672745098039216,0,0.003921568627450978,FALSE,FALSE
16204951,1,1,0.33980392156862743,4.191346153846154,0,1,TRUE,TRUE
16204953,0,0.45384615384615384,0,0.4328310708898944,0,0.2696078431372549,FALSE,FALSE
16204955,0.9179487179487179,1,0.19825942684766215,0.2750188536953243,0.10158371040723982,0.17843137254901958,FALSE,FALSE
16204956,1,1,0.3094230769230769,1.92,0.75,1,TRUE,FALSE
16204958,1,1,0.007884615384615387,2.5964705882352943,0,1,TRUE,TRUE
16204960,1,1,0.3507692307692308,2.2611538461538463,0,1,TRUE,TRUE
16204962,1,1,0.28103242835595776,2.115223604826546,0.03876319758672699,1,TRUE,TRUE
16204963,1,1,0.06859433962264151,1.7617264150943397,0.003846153846153843,0.8057692307692308,TRUE,TRUE
16204964,1,0.9826923076923076,1.5151900452488687,0.4032107843137255,0.6187405731523379,0.09928355957767723,FALSE,FALSE
16204965,1,1,0,0.968650580551524,0,0.92322206095791,FALSE,TRUE
16204966,1,1,1.4092597968069667,2.0959615384615384,0.6365747460087082,1,FALSE,FALSE
16204967,0.8714804063860667,0.8711538461538462,0.04582873730043541,1.3183076923076924,0.04208998548621189,0.8788461538461538,FALSE,TRUE
16204970,1,1,0.5421153846153849,1.8894230769230769,0.3653846153846156,1,FALSE,TRUE
16204971,1,1,0.7521153846153846,0.006153846153846155,0.7307692307692308,0,FALSE,FALSE
16204972,1,0.9961538461538462,0.17959615384615385,2.3160576923076923,0.10769230769230768,0.9807692307692307,TRUE,TRUE
16204973,1,1,0.49269230769230765,1.698076923076923,0,0.8846153846153846,FALSE,TRUE
16204974,1,1,0,2.983076923076923,0,1,TRUE,TRUE
16204979,1,0.9877551020408163,1.663549019607843,1.154965924831471,0.7647058823529411,0.42108843537414964,FALSE,FALSE
16204986,1,1,1.8075312971342383,1.5380984162895928,0.5418174962292609,0.225,FALSE,FALSE
16204987,0.9807692307692307,0.9807692307692307,0.001730769230769231,1.7948076923076923,0,1,TRUE,TRUE
16204998,1,1,0.025686274509803927,3.5629411764705883,0,1,TRUE,TRUE
16204999,1,1,0.49066515837104074,0.5785,0,0,FALSE,FALSE
16205028,0.984502262443439,1,0.24895211161387631,0.033576923076923074,0.06346153846153843,0,FALSE,FALSE
16205032,1,1,0.0319423076923077,1.5026538461538461,0.03269230769230769,1,FALSE,TRUE
16205036,1,1,0,2.124615384615385,0,1,TRUE,TRUE
16205074,1,1,0.18423076923076923,2.5526923076923076,0,1,TRUE,TRUE
16205097,1,1,0.19461538461538463,1.4878846153846153,0.3269230769230771,0.9038461538461539,FALSE,TRUE
16211035,1,1,0,2.280730769230769,0,1,TRUE,TRUE
16211037,1,1,0,1.3753846153846154,0,1,FALSE,TRUE
16211038,1,1,1.0179245283018867,0.1428846153846154,0.2830188679245283,0,FALSE,FALSE
16211039,1,1,0.49999999999999994,1.2196153846153845,0.5192307692307689,1,FALSE,FALSE
16211040,1,0.9980769230769231,0.083,0.01405769230769231,0,0,FALSE,FALSE
16211041,1,1,0.15263951734539968,0.14644343891402717,0,0.021153846153846148,FALSE,FALSE
16211045,1,1,0.11862745098039214,2.239607843137255,0,1,TRUE,TRUE
16211047,1,1,0.013207547169811321,2.6953846153846155,0.11320754716981134,1,TRUE,TRUE
16211049,1,1,0.759423076923077,2.2178846153846155,0,1,FALSE,TRUE
16211051,1,1,0,1.17675,0,0.7999999999999999,FALSE,TRUE
16211052,1,1,0,2.715,0,1,TRUE,TRUE
16211053,1,1,0.0017450980392156859,1.8028529411764707,0,1,TRUE,TRUE
16211054,1,1,0,2.1434615384615383,0,0.75,TRUE,TRUE
16211055,1,1,0.012549019607843138,2.2305882352941175,0,1,TRUE,TRUE
16211061,1,1,0.4660961538461539,0.19513461538461538,0.2634615384615385,0,FALSE,FALSE
16211062,1,1,0,0.1641176470588235,0,0.35294117647058826,FALSE,FALSE
16211065,1,1,1.9548388969521044,2.5379194484760523,0.9942307692307693,1,FALSE,FALSE
16211068,0.8076923076923077,0.5961538461538461,0.5169230769230769,1.4403846153846154,0.28846153846153855,0.75,FALSE,FALSE
16211069,1,1,0.31032692307692306,1.1911730769230768,0.15769230769230766,0.6884615384615385,FALSE,TRUE
16211070,1,1,0.039038461538461536,0.2569230769230769,0,0,FALSE,FALSE
16211074,1,1,0.13942307692307693,0,0.13461538461538464,0,FALSE,FALSE
16211075,1,1,0.3855769230769231,2.6507692307692308,0.25,1,TRUE,TRUE
16211078,1,1,0,3.863178733031674,0,1,TRUE,TRUE
16211079,1,1,0.006519230769230767,0.17105769230769233,0,0,FALSE,FALSE
16211080,1,1,0.4715938914027149,1.3410497737556561,0.1518099547511312,0.9673076923076923,FALSE,TRUE
16211081,1,1,0.2808269230769231,0.08296153846153846,0.13076923076923075,0.03269230769230769,FALSE,FALSE
16211082,1,1,2.573374811463047,0.6965433634992458,1,0.3599547511312217,FALSE,FALSE
16211083,1,1,0.4865841799709724,2.2120624092888246,0.278410740203193,0.948076923076923,TRUE,TRUE
16211084,1,1,2.159423076923077,2.8521153846153844,1,1,FALSE,FALSE
16211087,1,1,0.5667307692307693,0.32557692307692304,0.019230769230769214,0,FALSE,FALSE
16211088,1,1,0,1.4809615384615384,0,1,FALSE,TRUE
16211090,0.26666666666666666,0.6803921568627451,0,0.19488235294117648,0,0.17647058823529416,FALSE,FALSE
16211093,1,1,0.031692307692307686,9.999999999999998e-4,0.04615384615384617,0,FALSE,FALSE
16211094,1,1,0,3.2939423076923076,0,1,TRUE,TRUE
16211096,1,1,0.029196078431372553,2.61866,0.02156862745098038,0.9901960784313726,TRUE,TRUE
16211101,1,1,0.07057692307692308,1.939423076923077,0,0.9807692307692307,TRUE,TRUE
16211106,1,1,0,0,0,0,FALSE,FALSE
16211110,1,1,1.2919879336349924,2.088864253393665,0.965158371040724,0.958974358974359,FALSE,FALSE
16211134,1,1,0.2724423076923077,2.927905233501238,0,0.8899570278038648,TRUE,TRUE
16211159,1,1,0.5494230769230769,2.5132692307692306,0,1,TRUE,TRUE
16211161,1,1,0,0.14090384615384616,0,0,FALSE,FALSE
16211192,0.9769230769230769,1,0.03563461538461538,2.430576923076923,0,0.7865384615384615,TRUE,TRUE
16211213,1,1,0,2.3478846153846153,0,0.8846153846153845,TRUE,TRUE
16211240,1,1,0,0,0,0,FALSE,FALSE
16211284,1,1,0.04823529411764705,0.11615384615384612,0,0,FALSE,FALSE
16212032,1,1,0,0.6247884615384616,0,0.7134615384615385,FALSE,TRUE
16212770,1,1,0.8333076923076923,2.3918846153846154,0.026923076923076925,0.9711538461538461,TRUE,TRUE
16212772,1,1,0,1.3301538461538462,0,0.9634615384615385,FALSE,TRUE
16212773,1,1,0,0.43096153846153845,0,0.15384615384615374,FALSE,FALSE
16212776,1,1,0.003499999999999999,0,0,0,FALSE,FALSE
16212778,1,0.11538461538461539,0.6759615384615385,0.047884615384615394,0.5961538461538461,0,FALSE,FALSE
16212779,1,1,0,0,0,0,FALSE,FALSE
16212780,1,1,0.12153846153846154,3.586346153846154,0,1,TRUE,TRUE
16212783,1,1,0,2.1453846153846152,0,1,TRUE,TRUE
16212785,1,1,0.03961538461538462,2.8278846153846153,0,1,TRUE,TRUE
16212787,0.9980769230769231,0.8884615384615384,0.4715576923076923,0.666,0,0.12307692307692306,FALSE,FALSE
16212788,1,1,0.5664056603773585,2.711285921625544,0.017089985486211903,0.9230769230769231,TRUE,TRUE
16212789,1,0.9882352941176471,0.007192307692307691,1.1293374811463046,0,0.53710407239819,FALSE,TRUE
16212790,1,0.9961538461538462,0.07698039215686274,1.2962145550527904,0,0.5931372549019608,FALSE,TRUE
16212791,1,1,1.5337307692307691,1.2329144326816357,0.9865384615384615,0.9884615384615385,FALSE,FALSE
16212793,1,1,0,0.6567307692307692,0,0.8653846153846155,FALSE,TRUE
16212794,1,1,0.06117307692307693,2.815346153846154,0,1,TRUE,TRUE
16212795,1,1,0.07301923076923075,0.5708962264150944,0.048076923076923093,0.30613207547169813,FALSE,FALSE
16212797,1,1,0,0.07254901960784312,0,0.09803921568627447,FALSE,FALSE
16212799,0.8846153846153846,0.038461538461538464,0.4169230769230769,0,0,0,FALSE,FALSE
16212801,1,1,0.1169423076923077,2.371365384615385,0.009615384615384612,0.9788461538461538,TRUE,TRUE
16212802,1,1,0.5821153846153846,3.4436538461538464,0,1,TRUE,TRUE
16212804,1,1,0.010326923076923076,0.13539555052790347,0.0038461538461538438,0,FALSE,FALSE
16212806,0.9769230769230769,1,2.3076923076923068e-4,0.05861538461538462,0.005769230769230768,0.09038461538461537,FALSE,FALSE
16212807,1,1,0.1376923076923077,0.05461538461538462,0,0,FALSE,FALSE
16212809,1,1,0,2.0151923076923075,0,1,TRUE,TRUE
16212810,1,1,1.6060384615384615,2.311596153846154,0.948076923076923,1,FALSE,FALSE
16212812,1,1,0,0.4246153846153846,0,0.9423076923076923,FALSE,TRUE
16212813,1,1,0.1295708898944193,0.024846153846153858,0,0,FALSE,FALSE
16212815,1,1,0.325,2.4707692307692306,0,1,TRUE,TRUE
16212816,1,1,0,1.6286538461538462,0,1,TRUE,TRUE
16212817,1,1,0.8428846153846153,3.039807692307692,0.019230769230769218,1,TRUE,TRUE
16212819,1,1,2.2253846153846153,1.301153846153846,1,0.8461538461538463,FALSE,FALSE
16212825,0.9693759071117561,0.7076923076923077,0.8886338896952104,0.9094103773584906,0.0057329462989840355,0.27216981132075474,FALSE,FALSE
16212827,1,1,3.122692307692308,3.1296153846153847,1,1,FALSE,FALSE
16212829,1,1,0,0,0,0,FALSE,FALSE
16212832,1,0.7876734693877551,0.09995673469387756,0.11083795918367348,0.01800000000000001,0.016326530612244906,FALSE,FALSE
16212833,1,1,2.8670961538461537,3.150326923076923,0.9961538461538462,1,FALSE,FALSE
16212834,1,1,2.110566037735849,3.0384615384615383,1,1,FALSE,FALSE
16212836,1,1,0.5426923076923077,2.941153846153846,0,1,TRUE,TRUE
16212837,1,1,0.4005927601809955,1.2363427601809955,0.04423076923076922,0.5188159879336349,FALSE,TRUE
16212839,1,1,0,2.3274423076923076,0,1,TRUE,TRUE
16212841,0.9980392156862745,1,1.373078431372549,2.1030245098039217,0.9549019607843137,1,FALSE,FALSE
16212845,0.7384615384615385,0.36092162554426704,0.7258269230769231,0.07374020319303339,0.12307692307692311,0,FALSE,FALSE
16212847,1,1,0.01392156862745098,2.8041176470588236,0,1,TRUE,TRUE
16212848,1,1,0,0.0011764705882352949,0,0,FALSE,FALSE
16212850,1,1,0,2.1664328808446456,0,0.9686274509803922,TRUE,TRUE
16212854,1,0.16981132075471697,0.021923076923076924,0.0809433962264151,0,0,FALSE,FALSE
16212898,1,1,0,0.2626923076923077,0,0.6346153846153845,FALSE,TRUE
16213809,1,1,0.22942307692307692,0.7807692307692308,0,0.3461538461538461,FALSE,FALSE
16220035,1,1,0.18807692307692309,3.224423076923077,0.21153846153846148,1,TRUE,TRUE
16220036,0.22481857764876634,0.1,0,0.24690384615384614,0,0.1,FALSE,FALSE
16220037,1,1,0,2.430576923076923,0,1,TRUE,TRUE
16220039,1,1,0.17211538461538461,0.06134615384615381,0,0,FALSE,FALSE
16220040,0.9653846153846154,1,0.6053653846153846,2.7650267722473605,0.2326923076923077,1,TRUE,TRUE
16220041,1,0.9846153846153847,0.14176923076923076,2.9985576923076924,0.007692307692307691,0.9519230769230769,TRUE,TRUE
16220042,1,1,0.11203846153846153,0.032307692307692315,0,0,FALSE,FALSE
16220043,0.9961538461538462,1,0.011346153846153844,2.9836346153846156,0,1,TRUE,TRUE
16220044,0.9590120663650076,0.9980392156862745,0.42321229260935145,3.0858785822021115,0.05776772247360481,1,TRUE,TRUE
16220045,1,1,0,0,0,0,FALSE,FALSE
16220047,1,0.8058823529411765,5.882352941176473e-5,1.747392156862745,0,0.7941176470588235,TRUE,TRUE
16220048,0,0,0,0,0,0,FALSE,FALSE
16220049,1,1,0.009591836734693878,1.9792156862745098,0,0.9411764705882353,TRUE,TRUE
16220052,1,1,0.39884615384615385,2.9223076923076925,0,1,TRUE,TRUE
16220053,1,1,0.40862368024132734,1.7850961538461538,0,0.7153846153846154,FALSE,TRUE
16220054,1,1,0,3.3203846153846155,0,1,TRUE,TRUE
16220055,1,1,1.0015769230769231,1.7479807692307692,0.5615384615384615,1,FALSE,FALSE
16220056,1,1,0,2.371923076923077,0,1,TRUE,TRUE
16220057,1,1,0.27684615384615385,2.1477115384615386,0.02692307692307692,0.7711538461538462,TRUE,TRUE
16220058,1,0.9392156862745098,0,0.006607843137254902,0,0,FALSE,FALSE
16220059,0.9788461538461538,0.7323152337858221,0.42778129713423835,0.5306425339366516,0.009615384615384614,0.1346153846153846,FALSE,FALSE
16220060,1,1,0,2.081325187114033,0,0.7443581206067332,TRUE,TRUE
16220063,1,1,0.20384615384615384,0.9657692307692308,0.7115384615384615,1,FALSE,FALSE
16220064,1,1,0.0013846153846153845,1.4769807692307693,0,0.9846153846153847,FALSE,TRUE
16220065,1,1,0,0.006346153846153852,0,0,FALSE,FALSE
16220066,1,1,0.7290384615384615,3.0955769230769232,0,1,TRUE,TRUE
16220067,1,1,0.2661153846153846,0.23884615384615385,0.009615384615384614,0,FALSE,FALSE
16220068,1,1,0,1.678653846153846,0,1,TRUE,TRUE
16220069,1,1,0.3031372549019608,1.9409803921568627,0,1,TRUE,TRUE
16220070,0.9921568627450981,1,0.322538838612368,0.8003141025641025,0.2156862745098039,0.661236802413273,FALSE,TRUE
16220071,1,1,0.2573076923076923,3.750566037735849,0,1,TRUE,TRUE
16220076,1,1,0,2.193653846153846,0,1,TRUE,TRUE
16220078,1,1,0.29,0.37711538461538463,0,0,FALSE,FALSE
16220079,1,1,0,1.8968239064856711,0,0.9807692307692308,TRUE,TRUE
16220080,1,0.9730769230769231,0.08201923076923076,0.007384615384615385,0.059615384615384605,0,FALSE,FALSE
16220081,1,1,0.003461538461538462,2.8409615384615385,0,1,TRUE,TRUE
16220087,0,0,0,0,0,0,FALSE,FALSE
16220090,1,1,0.11237518853695323,1.3060128205128205,0.017307692307692295,1,FALSE,TRUE
16220103,1,1,0.00946153846153846,1.7237307692307693,0,0.9384615384615385,TRUE,TRUE
16220111,1,1,0,1.9092307692307693,0,1,TRUE,TRUE
16220113,1,1,5.7692307692307664e-5,0,0,0.003846153846153843,FALSE,FALSE
16220114,1,1,0.0028846153846153843,5.769230769230767e-4,0,0,FALSE,FALSE
16220118,0.9423076923076923,1,2.9261538461538463,3.223269230769231,0.9615384615384615,1,FALSE,FALSE
16220130,1,1,0.28846153846153844,1.1598076923076923,0,0.9615384615384615,FALSE,TRUE
16220139,1,1,1.3136153846153846,0.6277692307692307,0.7980769230769231,0.15384615384615383,FALSE,FALSE
16220142,1,1,0,2.4086538461538463,0,1,TRUE,TRUE
16220148,1,1,1.2103846153846154,1.5942307692307693,0,0.17307692307692296,FALSE,FALSE
16220192,0.9980769230769231,1,0.20728846153846153,2.946173076923077,0,0.8153846153846154,TRUE,TRUE
16220313,1,1,0.10730769230769231,1.9638461538461538,0,1,TRUE,TRUE
16220314,1,1,0.07125,0.20657764876632803,0,0.019230769230769225,FALSE,FALSE
16220316,1,1,0,2.5753846153846154,0,1,TRUE,TRUE
16220321,1,1,0.006445936139332369,2.061684766214178,0.0056603773584905604,0.975,TRUE,TRUE
16220322,1,1,5.769230769230768e-5,0,0,0,FALSE,FALSE
16220324,1,1,0,1.6455384615384616,0,1,TRUE,TRUE
16220327,1,1,0,0.045576923076923036,0,0,FALSE,FALSE
16220328,1,1,0,2.1509615384615386,0,1,TRUE,TRUE
16220329,1,1,0.5266153846153846,1.9227307692307691,0.0019230769230769217,0.8826923076923077,FALSE,TRUE
16220335,1,1,0.12903846153846152,2.855192307692308,0,1,TRUE,TRUE
16220343,1,1,0.036923076923076927,2.745,0,1,TRUE,TRUE
16220345,1,1,0.4559615384615385,0.5864890648567119,0,0.1180995475113122,FALSE,FALSE
16220348,1,1,1.7182692307692307,1.5642307692307693,1,1,FALSE,FALSE
16220349,1,1,1.174590874811463,0.004348039215686274,0.9538461538461539,0,FALSE,FALSE
16220353,1,1,0.3682692307692308,3.185,0,1,TRUE,TRUE
16220355,1,1,0.35394117647058826,2.780607843137255,0.023529411764705882,0.9764705882352941,TRUE,TRUE
16220356,0.16153846153846155,0.6653846153846154,0,0.2011730769230769,0,0.0038461538461538455,FALSE,FALSE
16220359,1,1,1.8834615384615385,1.8417307692307692,1,1,FALSE,FALSE
16220360,1,1,0,2.7521153846153847,0,1,TRUE,TRUE
16220367,1,1,1.182423076923077,3.1187692307692307,0,1,TRUE,TRUE
16220368,1,1,0,1.2252830188679247,0,0.5471698113207546,FALSE,TRUE
16220369,1,1,1.52,0.20096153846153844,0.9807692307692307,0.1346153846153845,FALSE,FALSE
16220370,1,1,0.6083076923076923,0.46513461538461537,0,0.009615384615384614,FALSE,FALSE
16220371,0.01282051282051282,0.11594202898550725,0,0.12144927536231885,0,0.014492753623188425,FALSE,FALSE
16220372,1,1,0,0.4339389140271493,0,0.29581447963800905,FALSE,FALSE
16220374,1,1,0.31009615384615385,0.29951923076923076,0.019230769230769225,0.05192307692307693,FALSE,FALSE
16220375,1,1,0,1.7260192307692308,0,0.9442307692307692,TRUE,TRUE
16220381,1,1,0.12363461538461538,2.5006346153846155,0.07884615384615386,0.9365384615384615,TRUE,TRUE
16220382,1,1,0.3134785067873303,0.3882213423831071,0,0,FALSE,FALSE
16220384,1,0.9423076923076923,0.009607843137254907,0.08519230769230768,0,0.019230769230769214,FALSE,FALSE
16220386,1,1,0.11485897435897433,0.643315987933635,0.04509803921568625,0.8027526395173454,FALSE,TRUE
16220392,1,1,0.09823529411764709,1.1447058823529412,0.13725490196078424,0.8039215686274511,FALSE,TRUE
16220396,1,1,1.8076153846153846,1.3933597285067874,1,0.9903846153846154,FALSE,FALSE
16220399,1,1,0.004730769230769233,2.894322021116139,0,0.9846153846153847,TRUE,TRUE
16220404,1,0.9980392156862745,0.06966742081447963,0.34227413273001506,0.13872549019607838,0.6700226244343891,FALSE,TRUE
16220415,1,1,0,0,0,0,FALSE,FALSE
16220421,1,1,0.5713461538461538,0.5038461538461538,1,1,FALSE,FALSE
16220441,1,1,0.5998076923076923,0.012115384615384611,0,0,FALSE,FALSE
16220446,1,1,0,2.1066666666666665,0,1,TRUE,TRUE
16220466,0.9764705882352941,0.9901960784313726,0.9895294117647059,2.697370588235294,0.0980392156862745,0.9352941176470588,TRUE,TRUE
16220481,0.9807692307692307,1,1.1990384615384615,2.6732692307692307,0.8461538461538463,1,FALSE,FALSE
16220512,1,1,0,1.8571074660633484,0,0.9903846153846154,TRUE,TRUE
16220532,1,1,0,2.0615384615384613,0,1,TRUE,TRUE
16220541,1,1,0.0668,0.7035294117647058,0,0,FALSE,FALSE
16220752,1,1,0,0.3831730769230769,0,0.36346153846153845,FALSE,FALSE
16221004,1,1,0.5153846153846154,3.3649019607843136,0.09615384615384612,1,TRUE,TRUE
16221118,1,1,0.03096153846153846,3.2526923076923078,0,1,TRUE,TRUE
16222596,1,1,0,1.5010631349782293,0,0.7396226415094339,TRUE,TRUE
16222597,1,1,0.053596153846153856,1.738923076923077,0,1,TRUE,TRUE
16222598,1,1,9.803921568627462e-4,2.734313725490196,0,1,TRUE,TRUE
16222599,0.7784313725490196,0.5935143288084465,0.05609803921568627,0.8414739819004524,0.005882352941176467,0.4485294117647059,FALSE,FALSE
16222600,0.9961538461538462,0.9923076923076923,0.35942307692307696,3.5305961538461537,0.03653846153846152,0.9634615384615385,TRUE,TRUE
16222601,1,1,0,1.0252079111644659,0,0.49111429187059435,FALSE,FALSE
16222602,1,1,0,3.1215384615384614,0,1,TRUE,TRUE
16222604,1,1,0.2808710407239819,2.1971089743589745,0,0.9980769230769231,TRUE,TRUE
16222605,1,0.9769230769230769,0.4904423076923077,0.7203269230769231,0.011538461538461536,0.009615384615384616,FALSE,FALSE
16222606,1,1,0.33227224736048266,1.423538838612368,0.001960784313725489,0.8978506787330316,FALSE,TRUE
16222607,1,1,0.032549019607843135,3.4465384615384616,0,1,TRUE,TRUE
16222609,1,1,0.017884615384615388,1.2861538461538462,0,0.75,FALSE,TRUE
16222611,1,1,0,0.6539173852414696,0,0,FALSE,FALSE
16222612,1,1,0,2.4457692307692307,0,1,TRUE,TRUE
16222613,1,1,0.7725,2.312884615384615,1,1,TRUE,FALSE
16222614,1,1,0,0,0,0,FALSE,FALSE
16222615,1,1,0.0038461538461538464,3.315423076923077,0,0.9846153846153846,TRUE,TRUE
16222616,1,1,0.9506734539969834,1.046089366515837,0.034879336349924586,0.023076923076923064,FALSE,FALSE
16222617,1,0.9019607843137255,2.112549019607843,1.4833333333333334,1,0.9019607843137255,FALSE,FALSE
16222618,1,1,0,3.184615384615385,0,1,TRUE,TRUE
16222621,1,1,0.4798076923076923,2.7336538461538464,0.07692307692307697,0.9615384615384615,TRUE,TRUE
16222623,1,1,0.8774615384615385,0.4589615384615385,0.0019230769230769217,0,FALSE,FALSE
16222624,1,1,0.4610961538461538,1.5198846153846155,0.14615384615384616,0.9019230769230769,FALSE,TRUE
16222625,1,1,0.7326923076923076,2.578076923076923,0.9807692307692307,1,TRUE,FALSE
16222627,0.9215686274509803,1,0.024509803921568624,0.039019607843137245,0,0,FALSE,FALSE
16222628,1,1,0.4625,1.8642307692307691,0,1,FALSE,TRUE
16222629,1,1,0.4158823529411765,2.459607843137255,0,1,TRUE,TRUE
16222630,1,1,0.0024999999999999996,2.2515384615384617,0,1,TRUE,TRUE
16222631,1,1,0.6816613876319759,2.7865678733031674,0.03529411764705881,0.9980392156862745,TRUE,TRUE
16222632,1,1,0,1.3021153846153846,0,1,FALSE,TRUE
16222633,1,1,0.8203806240928883,0.1658846153846154,0.8829462989840348,0.00961538461538461,FALSE,FALSE
16222634,1,1,0,2.673076923076923,0,1,TRUE,TRUE
16222635,1,1,0.03788461538461541,0,0.17307692307692296,0,FALSE,FALSE
16222637,1,1,0,1.0262745098039217,0,0.8039215686274511,FALSE,TRUE
16222638,1,1,0.642394419306184,3.1595576923076925,0,1,TRUE,TRUE
16222639,1,1,0.016923076923076923,0,0,0,FALSE,FALSE
16222640,1,1,0.0025192307692307693,0.2963789592760181,0,0.031372549019607864,FALSE,FALSE
16222641,0.8865007541478129,0.9980769230769231,1.4592149321266967,1.5028653846153845,0.9614630467571644,0.8900452488687783,FALSE,FALSE
16222642,1,1,0,1.858679245283019,0,0.7735849056603773,TRUE,TRUE
16222645,1,1,0.3232692307692308,1.3975,0,0.7115384615384615,FALSE,TRUE
16222647,1,1,0.0012692307692307699,1.5616153846153846,0,0.9615384615384616,TRUE,TRUE
16222648,1,1,0,1.586403846153846,0,0.9826923076923078,TRUE,TRUE
16222649,0.5576923076923077,1,0.20326923076923079,0,0,0,FALSE,FALSE
16222650,1,1,0.21673076923076923,0.5926923076923077,0,0.1538461538461539,FALSE,FALSE
16222651,1,1,0,1.7741176470588236,0,1,TRUE,TRUE
16222652,1,1,0.009411764705882357,1.6558823529411764,0,1,TRUE,TRUE
16222654,1,1,0.024882352941176474,1.9554313725490196,0,0.8627450980392156,TRUE,TRUE
16222657,1,1,0,2.4876923076923076,0,1,TRUE,TRUE
16222658,1,1,0.0354423076923077,1.9176153846153845,0.015384615384615394,0.975,TRUE,TRUE
16222659,1,1,0.23450980392156864,0.024230769230769233,0,0,FALSE,FALSE
16222660,1,1,0,1.4415384615384614,0,1,FALSE,TRUE
16222661,1,1,0,3.328627450980392,0,1,TRUE,TRUE
16222662,0,0,0,0,0,0,FALSE,FALSE
16222663,1,1,0.008711538461538455,3.1165576923076923,0.0038461538461538438,1,TRUE,TRUE
16222664,1,1,0.5739807692307692,2.915159733124019,0.013461538461538455,0.9961538461538462,TRUE,TRUE
16222665,1,1,0,2.834653846153846,0,0.9865384615384616,TRUE,TRUE
16222666,1,0.9980769230769231,0.24069230769230768,0.7206346153846154,0,0.09615384615384617,FALSE,FALSE
16222668,0.4096153846153846,0.9980769230769231,0.40696153846153843,2.513326923076923,0,0.9923076923076923,FALSE,FALSE
16222670,1,1,0,0,0,0,FALSE,FALSE
16222671,1,1,0,0,0,0,FALSE,FALSE
16222672,1,1,0.11976923076923077,1.087846153846154,0,0.12884615384615383,FALSE,FALSE
16222673,1,1,0,2.456596153846154,0,0.9057692307692308,TRUE,TRUE
16222674,1,1,0.4356,3.196470588235294,0,0.8627450980392155,TRUE,TRUE
16222675,1,1,0.05862745098039216,3.244901960784314,0,1,TRUE,TRUE
16222676,0.019230769230769232,0.019230769230769232,0,0,0,0,FALSE,FALSE
16222678,1,1,0,0,0,0,FALSE,FALSE
16222679,1,1,0.0010576923076923077,3.301596153846154,0,0.9923076923076923,TRUE,TRUE
16222680,1,1,1.938235294117647,2.579423076923077,1,1,FALSE,FALSE
16222681,0.998,1,3.9059407843137253,3.9750588235294115,0.992,0.9764705882352941,FALSE,FALSE
16222682,1,1,1.6810576923076923,2.232653846153846,1,1,FALSE,FALSE
16222683,0.8846153846153846,1,0,1.083653846153846,0,0.4423076923076922,FALSE,FALSE
16222684,1,1,0.024615384615384612,2.750192307692308,0,1,TRUE,TRUE
16222685,1,0.948076923076923,0.8390192307692308,0.9701153846153846,0.22499999999999995,0.43076923076923074,FALSE,FALSE
16222686,1,1,0.004846153846153846,0.6311538461538462,0,0.45000000000000007,FALSE,FALSE
16222687,1,1,0.989423076923077,1.0946153846153845,0,1,FALSE,TRUE
16222689,1,1,0.49909615384615386,1.337846153846154,0,0.48461538461538467,FALSE,FALSE
16222690,1,1,1.1986618287373003,2.6397216981132074,0.6093976777939042,1,FALSE,FALSE
16222694,0.9846153846153847,1,0.006096153846153845,0.6693461538461538,0,0.4730769230769231,FALSE,FALSE
16222696,1,1,0,1.9221568627450982,0,0.8627450980392155,TRUE,TRUE
16222700,0.1346153846153846,0.019230769230769232,0.032692307692307694,0,0,0,FALSE,FALSE
16222704,1,1,0,1.7886538461538461,0,1,TRUE,TRUE
16222706,1,1,0.005673076923076924,1.1066753393665159,0.003846153846153848,1,FALSE,TRUE
16222709,1,1,0,1.7084873004354137,0,1,TRUE,TRUE
16222710,1,1,0.01900150829562594,2.2024401809954752,0,0.9741960784313726,TRUE,TRUE
16222714,0.9942307692307693,1,0.015288461538461544,2.063974358974359,0.011538461538461546,0.9903846153846154,TRUE,TRUE
16222715,1,1,0.12024962292609352,1.6125796380090498,0.426131221719457,0.9980769230769231,FALSE,TRUE
16222717,1,0.9596879535558781,0.16680297532656024,0.057910014513788105,0.11810595065312049,0.011320754716981135,FALSE,FALSE
16222723,1,1,0,1.9761538461538461,0,1,TRUE,TRUE
16222732,1,1,0.0973076923076923,0.7371153846153846,0,0.07692307692307693,FALSE,FALSE
16222735,1,1,0,2.3521153846153844,0,0.9961538461538462,TRUE,TRUE
16222736,1,1,0,1.823076923076923,0,1,TRUE,TRUE
16222740,1,1,0.0451923076923077,3.289807692307692,0,1,TRUE,TRUE
16222753,1,1,0,0.5813617419391559,0,0.6336584706451521,FALSE,TRUE
16222774,1,1,0,1.3873076923076924,0,1,FALSE,TRUE
16222786,1,1,0,2.5896153846153847,0,1,TRUE,TRUE
16222788,1,1,0,1.738235294117647,0,1,TRUE,TRUE
16223016,1,1,0,1.5558310708898944,0,0.8923076923076922,TRUE,TRUE
16223037,1,1,0.053529411764705874,2.882549019607843,0,1,TRUE,TRUE
16226749,1,1,0.5976470588235294,2.9833333333333334,1,1,TRUE,FALSE
16226750,1,1,0.008039215686274505,1.9054,0,1,TRUE,TRUE
16226751,0.9923076923076923,1,0.0095,0.8083461538461538,0.019230769230769218,0.9846153846153847,FALSE,TRUE
16226752,1,1,0.5407692307692308,1.373076923076923,0.03846153846153848,1,FALSE,TRUE
16226754,0.8571644042232277,0.9607843137254902,0.01647058823529412,0.3453333333333333,0.025490196078431376,0.06862745098039216,FALSE,FALSE
16226757,1,1,0.1883921568627451,0.7720550527903469,0,0.13725490196078433,FALSE,FALSE
16226762,1,1,0.020576923076923073,0,0,0,FALSE,FALSE
16226763,1,1,0.0014230769230769234,1.9748653846153845,0,0.9769230769230769,TRUE,TRUE
16226766,1,1,0.6329411764705883,2.899423076923077,0.05882352941176476,1,TRUE,TRUE
16226767,1,1,0,2.522884615384615,0,1,TRUE,TRUE
16226768,1,1,0.0017647058823529415,0.18173076923076922,0.0980392156862745,0.7115384615384615,FALSE,TRUE
16226769,1,1,0,0.635475113122172,0,0.13725490196078433,FALSE,FALSE
16226770,1,1,0.006153846153846156,2.105384615384615,0,1,TRUE,TRUE
16226772,1,1,0,0.00961538461538461,0,0,FALSE,FALSE
16226773,1,1,1.3039615384615386,2.4130576923076923,0.9903846153846154,1,FALSE,FALSE
16226774,1,1,2.074865384615385,1.955217343976778,1,1,FALSE,FALSE
16226776,0.9769230769230769,0.9769230769230769,0.3205961538461538,0.8510769230769231,0.24615384615384614,0.775,FALSE,TRUE
16226779,1,1,0,2.2841176470588236,0,0.9019607843137255,TRUE,TRUE
16226780,1,1,0.22326923076923078,2.2592307692307694,0.01923076923076922,1,TRUE,TRUE
16226782,0.09215686274509803,0.24756862745098038,0.049627450980392174,0.47090156862745103,0,0.1966274509803922,FALSE,FALSE
16226783,1,1,0.45482315233785825,1.728462669683258,0.19445701357466064,0.6625188536953243,FALSE,TRUE
16226785,1,1,0,0.17296153846153847,0,0.1942307692307692,FALSE,FALSE
16226786,1,1,0.029730769230769238,1.9985192307692308,0.021153846153846148,1,TRUE,TRUE
16226788,1,1,0.3203333333333333,1.470235294117647,0.08823529411764708,0.7490196078431373,FALSE,TRUE
16226789,1,1,0.015036284470246733,2.8353334542815674,0,1,TRUE,TRUE
16226792,0.9980769230769231,0.948076923076923,0.03315384615384616,2.956346153846154,0,0.9461538461538461,TRUE,TRUE
16226793,1,1,0.016230769230769233,2.5098076923076924,0.04038461538461537,1,TRUE,TRUE
16226794,1,1,0.1325,5.769230769230769e-4,0.19230769230769224,0,FALSE,FALSE
16226795,1,1,3.8461538461538456e-4,0,0,0,FALSE,FALSE
16226797,1,1,0.3725,2.7805769230769233,0.07692307692307691,1,TRUE,TRUE
16226800,1,1,0.6647058823529413,2.3503846153846153,0.37254901960784303,0.8846153846153845,TRUE,TRUE
16226804,1,1,0,0,0,0,FALSE,FALSE
16226806,1,1,0,3.416470588235294,0,1,TRUE,TRUE
16226807,1,1,0,0.8958846153846154,0,0,FALSE,FALSE
16226808,1,0.9326923076923077,0.10693325791855204,0.32311538461538464,0.003846153846153844,0.026923076923076907,FALSE,FALSE
16226809,1,1,0,1.4979245283018867,0,1,FALSE,TRUE
16226811,1,1,0.0018627450980392161,0.2111474358974359,0,0.019230769230769218,FALSE,FALSE
16226813,1,1,0.12492271407837445,1.8869909288824382,0,0.9865384615384616,TRUE,TRUE
16226814,1,1,6.153846153846153e-4,2.7380576923076925,0,1,TRUE,TRUE
16226816,1,1,0,1.448076923076923,0,0.8269230769230771,FALSE,TRUE
16226819,1,1,0.07605769230769231,0.8512692307692308,0.0019230769230769217,0.7230769230769231,FALSE,TRUE
16226822,1,1,0.8738461538461536,1.940576923076923,0.48076923076923106,0.7692307692307692,FALSE,TRUE
16226823,1,1,0.014705882352941176,2.2729411764705882,0,1,TRUE,TRUE
16226824,1,1,0,1.8678846153846154,0,1,TRUE,TRUE
16226825,1,0.9769230769230769,0,1.6395576923076924,0,0.9326923076923077,TRUE,TRUE
16226826,0.9961538461538462,1,0.653673076923077,2.871653846153846,0.019230769230769218,0.9115384615384615,TRUE,TRUE
16226827,1,1,0.24384615384615382,2.8423529411764705,0,0.9803921568627451,TRUE,TRUE
16226829,1,1,0,1.8132692307692309,0.03846153846153844,1,TRUE,TRUE
16226831,1,1,0,0.2321153846153846,0,0.13461538461538447,FALSE,FALSE
16226832,1,1,0.8843254716981132,2.3756346153846155,0.4115384615384615,0.9865384615384616,FALSE,TRUE
16226833,1,1,0.19847931785195935,0.15128846153846154,0.3371915820029028,0.030769230769230757,FALSE,FALSE
16226836,1,1,0.7251538461538461,2.8067884615384617,0.3423076923076923,1,TRUE,TRUE
16226837,1,1,0,0,0,0,FALSE,FALSE
16226838,1,1,2.8737300435413646e-4,0.9920518867924528,0,0.7471698113207548,FALSE,TRUE
16226839,0.6291897891231965,0.5734034833091437,1.1254626554540539,1.5257380261248186,0.3948476052249637,0.5526124818577649,FALSE,FALSE
16226842,1,0.7647058823529411,0.18784313725490195,0.6594117647058821,0.6666666666666666,0.31372549019607837,FALSE,FALSE
16226843,0.9942307692307693,0.9942307692307693,1.330596153846154,1.2794038461538462,0.8423076923076923,0.9423076923076923,FALSE,FALSE
16226844,1,1,1.2282115384615384,1.0915384615384616,0.8865384615384615,0.8288461538461538,FALSE,FALSE
16226845,1,1,0,1.500576923076923,0,0.8461538461538463,TRUE,TRUE
16226846,1,1,0.28134615384615386,2.411153846153846,0,1,TRUE,TRUE
16226848,1,1,1.3035370101596517,2.519063497822932,0.6226415094339622,0.9905660377358491,FALSE,FALSE
16226852,1,1,0,1.4675686274509805,0,0.9627450980392157,FALSE,TRUE
16226853,0.9725867269984917,0.8749245852187029,0.02908107088989442,1.8298386123680241,0.10064102564102562,0.8345776772247361,TRUE,TRUE
16226856,1,1,0,2.8779423076923076,0,1,TRUE,TRUE
16226857,1,0.9824283559577678,0.2499917043740573,0.7285788084464555,0.09423076923076924,0.34532428355957767,FALSE,FALSE
16226860,1,1,0.68,3.392692307692308,0,1,TRUE,TRUE
16226862,1,1,3.0761538461538462,3.173076923076923,1,1,FALSE,FALSE
16226863,0.0193815987933635,1,0,1.3334200603318251,0,0.9882352941176471,FALSE,FALSE
16226866,1,1,0,1.4834615384615384,0,1,FALSE,TRUE
16226868,1,1,0.00392156862745098,2.7505882352941176,0,1,TRUE,TRUE
16226869,1,1,0.4946153846153846,2.044423076923077,0,0.9807692307692307,TRUE,TRUE
16226870,1,1,0.2225,0.9701923076923077,0,0.5576923076923076,FALSE,TRUE
16226872,1,1,0,2.535686274509804,0,1,TRUE,TRUE
16226876,1,1,7.692307692307694e-4,0.07653846153846158,0,0.038461538461538436,FALSE,FALSE
16226877,1,1,0.02894230769230769,1.428826923076923,0,0.9903846153846154,FALSE,TRUE
16226878,1,1,1.066423076923077,2.8624593613933236,0.6634615384615384,1,TRUE,FALSE
16226879,1,1,0.3073076923076923,1.853076923076923,0,1,TRUE,TRUE
16226880,1,1,0.002346153846153846,0.08636538461538461,0,0,FALSE,FALSE
16226882,1,1,0.6772549019607843,4.01,0.4901960784313725,1,TRUE,TRUE
16226885,1,1,0.007692307692307701,1.5382692307692307,0.019230769230769214,1,TRUE,TRUE
16226886,1,1,0.10323076923076922,0.7376923076923078,0.030769230769230778,0.2884615384615385,FALSE,FALSE
16226887,1,1,1.1538461538461545e-4,0.09251923076923077,0,0,FALSE,FALSE
16226890,1,1,0,2.006346153846154,0,1,TRUE,TRUE
16226891,0.9823529411764705,0.9588235294117647,0.08117948717948717,0.15469607843137254,0.1863122171945701,0.2515082956259427,FALSE,FALSE
16226894,0.15384615384615385,0.9807692307692307,0.026153846153846153,2.980769230769231,0,1,FALSE,FALSE
16226896,1,1,1.0621568627450981,2.3613461538461538,0,0.5384615384615385,FALSE,TRUE
16226902,0.7307692307692307,0.823076923076923,0.4275798258345428,0.08453410740203192,0.2256168359941945,0.007692307692307689,FALSE,FALSE
16226910,1,1,0,1.8771153846153845,0,1,TRUE,TRUE
16226911,1,1,2.2592307692307694,0.4930769230769231,1,0,FALSE,FALSE
16226915,0.9576923076923077,1,0.06328846153846154,0.1361153846153846,0.04230769230769231,0,FALSE,FALSE
16226937,1,1,1.5345283018867926,2.122452830188679,0.641509433962264,1,FALSE,FALSE
16226979,1,1,5.7692307692307684e-5,0.030211538461538467,0,0.0019230769230769219,FALSE,FALSE
16227034,0.9807692307692307,1,0.6005769230769231,0.6265384615384615,0.673076923076923,0.7115384615384615,FALSE,FALSE
16227217,1,0.9211538461538462,0.0264079939668175,0.08142986425339366,0.0076923076923076875,0.011613876319758675,FALSE,FALSE
16229612,1,0.9884615384615385,0.10707692307692308,3.070692307692308,0,0.9903846153846154,TRUE,TRUE
16229613,1,1,0,1.5178846153846155,0,0.8846153846153846,TRUE,TRUE
16229614,1,1,0,1.8901923076923077,0,1,TRUE,TRUE
16229615,1,1,0.005019607843137255,3.0262156862745098,0,1,TRUE,TRUE
16229616,1,1,0.012807692307692312,2.101019230769231,0,0.9769230769230769,TRUE,TRUE
16229617,1,1,1.1538461538461534e-4,0.044346153846153855,0,0,FALSE,FALSE
16229618,1,1,0.009596153846153846,1.986826923076923,0,1,TRUE,TRUE
16229619,1,1,0,0,0,0,FALSE,FALSE
16229621,1,1,0.41123076923076923,0.17546153846153845,0.01153846153846154,0.0019230769230769217,FALSE,FALSE
16229622,1,1,0,0,0,0,FALSE,FALSE
16229623,1,1,0.019999999999999993,0.7825,0,0.7692307692307693,FALSE,TRUE
16229624,1,1,0.7506730769230769,0.6303269230769231,1,0.7769230769230769,FALSE,FALSE
16229625,1,1,0.09511538461538462,1.3591153846153845,0,0.8519230769230769,FALSE,TRUE
16229626,1,1,0.46427450980392154,1.8795067722473604,0.07254901960784314,0.9764705882352941,FALSE,TRUE
16229627,1,1,0,3.9240384615384616,0,1,TRUE,TRUE
16229629,1,1,0,3.1346153846153846,0,1,TRUE,TRUE
16229630,1,1,1.2428846153846154,3.1544230769230768,1,1,TRUE,FALSE
16229631,1,1,1.1388235294117648,2.332549019607843,0.392156862745098,1,FALSE,TRUE
16229632,1,1,0.8395384615384616,3.097384615384615,0.8730769230769231,1,TRUE,FALSE
16229634,1,1,0.01623439767779391,0.002294117647058823,0.0019230769230769219,0,FALSE,FALSE
16229635,1,1,0,2.901346153846154,0,1,TRUE,TRUE
16229636,1,1,0.00480769230769231,0.11038461538461537,0,0,FALSE,FALSE
16229638,1,1,0.15214285714285714,2.585744680851064,0,1,TRUE,TRUE
16229639,1,1,0.105,2.499423076923077,0,1,TRUE,TRUE
16229641,1,1,0.02229260935143288,2.565673076923077,0,0.9903846153846154,TRUE,TRUE
16229643,0.9653846153846154,1,0.7261923076923077,0.9898076923076923,0.6115384615384615,0.625,FALSE,FALSE
16229644,1,1,0,2.527826923076923,0,0.9980769230769231,TRUE,TRUE
16229648,1,1,0,1.2734615384615384,0,1,FALSE,TRUE
16229650,1,1,0.4219230769230769,0.696923076923077,0.3076923076923078,0,FALSE,FALSE
16229651,1,1,0.17653846153846153,3.2715384615384617,0,1,TRUE,TRUE
16229652,0,0,0,0,0,0,FALSE,FALSE
16229654,1,1,0,1.5647307692307693,0,0.5211538461538462,TRUE,TRUE
16229655,1,1,0.0557,1.433878205128205,0,0.7660256410256411,FALSE,TRUE
16229656,1,0.9923076923076923,0.09540384615384614,0.03782692307692308,0,0,FALSE,FALSE
16229658,0.9961538461538462,1,0.9339159125188536,2.2200192307692306,0.30769230769230765,0.9980769230769231,FALSE,TRUE
16229660,1,1,0.007313725490196077,0.9748619909502263,0.02737556561085971,0.996078431372549,FALSE,TRUE
16229661,1,1,0.06657692307692308,0.044173076923076905,0,0,FALSE,FALSE
16229663,0.39615686274509804,0.7784313725490196,0.1094372549019608,0.42837254901960786,0,0.23333333333333336,FALSE,FALSE
16229664,1,1,0.1749056603773585,2.5334615384615384,0,0.7692307692307693,TRUE,TRUE
16229666,1,1,0,3.3576923076923078,0,1,TRUE,TRUE
16229670,0.701131221719457,0.9072398190045249,0.09416176470588236,1.4262922322775264,0.03137254901960783,0.854524886877828,FALSE,FALSE
16229671,1,1,0,3.728269230769231,0,1,TRUE,TRUE
16229672,0.9943396226415094,1,0.0011132075471698116,2.8682078459830955,0,0.9823529411764707,TRUE,TRUE
16229782,1,1,0,1.8976923076923078,0,1,TRUE,TRUE
16229792,1,1,0,0,0,0,FALSE,FALSE
16229828,1,1,0.6297115384615385,3.3830043541364296,0.013461538461538452,1,TRUE,TRUE
16229981,1,1,0.012139040667065084,3.6736571117561683,0,0.9846153846153847,TRUE,TRUE
16230045,1,0.9725490196078431,0.8388170053217223,0.8600297888386124,0.19615384615384618,0.20192307692307696,FALSE,FALSE
16230234,1,0.8846153846153846,0,1.7321153846153845,0,0.75,TRUE,TRUE
16230235,1,1,0,2.3211538461538463,0,0.8846153846153845,TRUE,TRUE
16230236,1,1,0,1.551923076923077,0,0,TRUE,FALSE
16230237,1,1,0,2.0119294871794873,0,0.9921568627450981,TRUE,TRUE
16230238,1,1,0,2.1748076923076924,0,1,TRUE,TRUE
16230239,1,1,0,0.46076923076923076,0,1,FALSE,TRUE
16230240,1,1,1.7035686274509805,1.997686274509804,1,1,FALSE,FALSE
16230241,1,1,0.6823076923076923,0.30596153846153845,0.9423076923076923,0.3846153846153844,FALSE,FALSE
16230242,1,1,0.01576923076923078,2.805576923076923,0,1,TRUE,TRUE
16230243,1,1,1.7883876319758674,0.4855844645550528,0.9653846153846154,0.036538461538461534,FALSE,FALSE
16230244,0.37884615384615383,0.9980769230769231,0,2.6194038461538462,0,0.9788461538461538,FALSE,FALSE
16230246,1,1,0.1355769230769231,0.06923076923076923,0,0,FALSE,FALSE
16230247,0.9980769230769231,0.9923076923076923,0.19717307692307692,0.9417115384615385,0.13846153846153844,0.8,FALSE,TRUE
16230249,1,1,0,0,0,0,FALSE,FALSE
16230250,0.926923076923077,1,5.7692307692307725e-5,0.8352115384615385,0,0.8769230769230769,FALSE,TRUE
16230251,1,1,0.33134615384615385,3.038846153846154,0,1,TRUE,TRUE
16230252,1,1,0,2.2034615384615384,0,1,TRUE,TRUE
16230253,1,1,0.04825,3.0687129898403485,0,0.959687953555878,TRUE,TRUE
16230254,1,1,0.7596153846153846,2.2638461538461536,0,1,TRUE,TRUE
16230256,1,0.95,0.012600507982583454,2.016844702467344,0.0423076923076923,0.9423076923076923,TRUE,TRUE
16230257,1,1,0.0017307692307692313,1.3807692307692307,0,1,FALSE,TRUE
16230258,1,1,0.37136538461538465,1.3425769230769231,0.36923076923076925,1,FALSE,TRUE
16230259,1,1,0.921244557329463,1.9268715529753266,0.2576923076923077,0.30079825834542817,FALSE,FALSE
16230260,1,1,0.4115384615384615,3.411346153846154,0,0.923076923076923,TRUE,TRUE
16230261,1,1,0,2.0917307692307694,0,1,TRUE,TRUE
16230262,0.9923076923076923,1,0.07540497737556563,0.4641817496229261,0.01738310708898943,0.20961538461538462,FALSE,FALSE
16230263,1,1,0.04423076923076923,0.16826923076923073,0.07692307692307689,0,FALSE,FALSE
16230264,1,1,0,3.6898076923076926,0,1,TRUE,TRUE
16230265,1,1,0,1.97675,0,1,TRUE,TRUE
16230266,1,1,0,3.5159615384615384,0,1,TRUE,TRUE
16230267,0.19230769230769232,1,0,0.6882692307692307,0,0.13461538461538464,FALSE,FALSE
16230268,1,1,0,1.7324230769230768,0,0.9788461538461538,TRUE,TRUE
16230269,1,1,0,2.5172307692307694,0,0.9173076923076923,TRUE,TRUE
16230270,1,0.9615384615384616,2.1234615384615383,0.22211538461538463,1,0,FALSE,FALSE
16230272,1,0.7692307692307693,0.7586274509803922,0.6346153846153846,0,0,FALSE,FALSE
16230273,1,1,0.0011538461538461542,1.0217307692307693,0,0,FALSE,FALSE
16230274,1,1,0.06326923076923076,0.11788461538461538,0.03846153846153848,0.038461538461538436,FALSE,FALSE
16230275,0.9903846153846154,1,0.04321153846153846,2.187825414781297,0,0.9923076923076923,TRUE,TRUE
16230276,1,1,0.1308653846153846,2.006307692307692,0.015384615384615385,1,TRUE,TRUE
16230277,1,1,0.006803921568627452,0.10331372549019607,0,0,FALSE,FALSE
16230278,0.996078431372549,1,0.0030192307692307693,2.823016968325792,0,1,TRUE,TRUE
16230279,1,1,0.20075,1.68,0,0.9692307692307692,FALSE,TRUE
16230285,1,1,0.255,2.4716981132075473,0,1,TRUE,TRUE
16230289,0.9846153846153847,1,0.5841730769230769,2.5884807692307694,0,0.9923076923076923,TRUE,TRUE
16230293,1,1,0.00326923076923077,3.1998076923076924,0,1,TRUE,TRUE
16230314,0.9942307692307693,0.9692307692307692,0.578326923076923,0.8758846153846154,0.4711538461538462,0.11730769230769231,FALSE,FALSE
16230349,1,1,0,2.8608333333333333,0,1,TRUE,TRUE
16230433,0.9942307692307693,1,0.008115384615384613,0.09540384615384616,0,0.06153846153846153,FALSE,FALSE
16232196,1,1,0.006576923076923078,0.29521153846153847,0,0.2846153846153846,FALSE,FALSE
16232200,1,1,0.003192307692307693,2.224407111756168,0,0.9942307692307693,TRUE,TRUE
16232201,1,1,0.4009423076923077,0.7483986382651755,0,0,FALSE,FALSE
16232205,1,1,0.6152307692307692,1.9167307692307691,0.898076923076923,1,FALSE,FALSE
16232212,1,1,0,3.549985123367199,0,0.9846153846153847,TRUE,TRUE
16232214,1,0.8692307692307693,0,0.07301923076923077,0,0.17307692307692307,FALSE,FALSE
16232215,1,1,0,1.403076923076923,0,0,FALSE,FALSE
16232219,1,1,0,2.0676923076923077,0,1,TRUE,TRUE
16232220,1,1,0,0,0,0,FALSE,FALSE
16232221,1,1,0,1.3505769230769231,0,1,FALSE,TRUE
16232224,1,0.9942307692307693,1.7473461538461539,2.264884615384615,0.926923076923077,0.9711538461538461,FALSE,FALSE
16232230,1,1,0,0,0,0,FALSE,FALSE
16232231,1,1,0,2.088230769230769,0,1,TRUE,TRUE
16232232,1,1,0,0.1813725490196078,0,0.1960784313725489,FALSE,FALSE
16232233,1,1,0.020980392156862746,2.147450980392157,0,0.9019607843137255,TRUE,TRUE
16232238,1,1,0.12384615384615386,2.0540384615384615,0,1,TRUE,TRUE
16232240,1,1,0.4768076923076923,2.591096153846154,0.3211538461538462,1,TRUE,TRUE
16232241,1,1,5.098039215686276e-4,1.1764705882352948e-4,0,0,FALSE,FALSE
16232243,0.13861236802413274,0,0.10811726998491705,0,0.025377073906485668,0,FALSE,FALSE
16232246,1,1,0,0.9365,0,0.8769230769230769,FALSE,TRUE
16232247,1,1,0,2.7132692307692308,0,1,TRUE,TRUE
16232248,1,1,0.2613461538461538,1.3309615384615383,0.42307692307692296,0.7307692307692308,FALSE,TRUE
16232250,1,1,0,3.162,0,1,TRUE,TRUE
16232254,1,1,0,0,0,0,FALSE,FALSE
16232255,1,1,0.13759615384615384,1.9400441176470589,0.06346153846153846,1,TRUE,TRUE
16232258,1,1,0,0,0,0,FALSE,FALSE
16232260,1,1,2.464423076923077,2.8334615384615383,1,0.7115384615384615,FALSE,FALSE
16232261,1,1,2.6196153846153845,2.415576923076923,1,1,FALSE,FALSE
16232262,1,1,0.58175,3.0991538461538464,0.25192307692307697,1,TRUE,TRUE
16232263,0.9942307692307693,1,1.2856923076923077,2.316,0.7288461538461538,0.9057692307692308,FALSE,FALSE
16232265,1,1,0,2.5748076923076924,0,1,TRUE,TRUE
16232266,1,1,0.6150943396226416,1.6113461538461538,0,0.923076923076923,FALSE,TRUE
16232268,0.9980769230769231,1,1.2667652394775035,3.3825319303338173,0.5641872278664731,1,TRUE,FALSE
16232269,1,1,0,0,0,0,FALSE,FALSE
16232271,1,1,0,0,0,0,FALSE,FALSE
16232272,1,1,0,2.418076923076923,0,1,TRUE,TRUE
16232276,1,1,0,2.855192307692308,0,1,TRUE,TRUE
16232277,1,1,0,0,0,0,FALSE,FALSE
16232279,1,1,0.03196078431372549,1.1937254901960785,0,1,FALSE,TRUE
16232286,1,1,0.11211538461538462,0.5659615384615385,0.05769230769230774,0,FALSE,FALSE
16232287,1,1,0.2253076923076923,1.6148846153846155,0.18461538461538457,0.9057692307692308,FALSE,TRUE
16232289,1,1,0,0.5489423076923077,0,0.011538461538461536,FALSE,FALSE
16232290,1,1,0,0.02129411764705883,0,0,FALSE,FALSE
16232293,1,1,0.5638461538461539,2.6521153846153847,0.3653846153846156,1,TRUE,TRUE
16232295,1,1,2.489607843137255,2.7328846153846156,1,1,FALSE,FALSE
16232298,1,1,0.16731372549019607,0.13529411764705884,0.188235294117647,0.07647058823529412,FALSE,FALSE
16232299,1,1,0.21040384615384616,0.3928846153846154,0.1461538461538462,0.1942307692307692,FALSE,FALSE
16232300,1,1,0.012499999999999999,0.59,0,0.30769230769230765,FALSE,FALSE
16232306,1,1,0.19848076923076924,2.4763356313497824,0,1,TRUE,TRUE
16232309,1,1,0,1.728846153846154,0,1,TRUE,TRUE
16232312,1,1,0.002307692307692309,1.2290566037735848,0,0.9811320754716981,FALSE,TRUE
16232313,1,1,0,0.7623076923076924,0,0.17307692307692296,FALSE,FALSE
16232314,1,1,1.6870377073906486,1.12725,1,0.7365384615384616,FALSE,FALSE
16232315,1,1,0.1782692307692308,0.7453846153846153,0.07692307692307689,0.34615384615384615,FALSE,FALSE
16232316,1,1,0.012057692307692306,1.4892307692307691,0,1,FALSE,TRUE
16232317,1,1,0.020896226415094338,0.3206353410740203,0,0.03838896952104498,FALSE,FALSE
16232318,1,1,0,3.043076923076923,0,1,TRUE,TRUE
16232319,1,1,0.06960784313725489,0.6809803921568627,0,0.5294117647058825,FALSE,TRUE
16232322,1,1,0.0032692307692307704,2.727692307692308,0,1,TRUE,TRUE
16232323,1,1,2.294,3.5113846153846153,0.948076923076923,1,FALSE,FALSE
16232332,1,1,0.25325,0.08125,0.019230769230769225,0.007692307692307696,FALSE,FALSE
16232333,0.9411764705882353,0.8431372549019608,0.22627450980392155,1.0501960784313726,0.627450980392157,0.7647058823529411,FALSE,FALSE
16232337,1,1,2.1153846153846147e-4,1.6400431785195937,0,0.8907474600870827,TRUE,TRUE
16232339,1,1,0.213921568627451,2.5196074660633485,0,1,TRUE,TRUE
16232341,1,1,2.7842307692307693,1.8478846153846153,1,1,FALSE,FALSE
16232343,1,1,0.2008653846153846,0.7805192307692308,0,0.040384615384615394,FALSE,FALSE
16232346,1,0.9961538461538462,0.41434615384615386,0.36430769230769233,0.011538461538461536,0.09423076923076923,FALSE,FALSE
16232347,1,0.7115384615384616,0.009600000000000001,0.16249999999999998,0,0,FALSE,FALSE
16232348,1,1,0,0.8092307692307692,0,0.5576923076923078,FALSE,TRUE
16232355,0.19230769230769232,0.11538461538461539,0.29134615384615387,0.20673076923076925,0.038461538461538464,0.019230769230769214,FALSE,FALSE
16232358,0.75,1,0,3.721346153846154,0,1,FALSE,FALSE
16232361,1,1,0.17509615384615387,1.4773461538461539,0,0.5846153846153845,FALSE,TRUE
16232365,1,1,1.28780442670537,1.0429669811320754,0.9290275761973875,0.9312046444121915,FALSE,FALSE
16232370,1,1,0.19307692307692306,2.7359615384615386,0,1,TRUE,TRUE
16232371,1,1,0.5671153846153846,0.1201923076923077,0.2692307692307693,0,FALSE,FALSE
16232373,1,1,0.015115384615384614,2.704673076923077,0,0.9884615384615385,TRUE,TRUE
16232376,1,1,0.0018461538461538455,0.012692307692307692,0.023076923076923068,0.0038461538461538438,FALSE,FALSE
16232383,1,1,2.208653846153846,1.9790384615384617,0.9038461538461539,0.8076923076923078,FALSE,FALSE
16232384,1,1,0.26990384615384616,3.3590576923076925,0.025,1,TRUE,TRUE
16232391,0.9901960784313726,1,0.006313725490196077,2.5487420814479638,0,0.9139894419306184,TRUE,TRUE
16232396,1,1,0.015403846153846157,2.562153846153846,0,0.9423076923076923,TRUE,TRUE
16232398,1,1,0,1.4207843137254903,0,1,FALSE,TRUE
16232402,1,1,0,1.9432692307692307,0,1,TRUE,TRUE
16232405,1,1,0,0,0,0,FALSE,FALSE
16232407,1,1,0.3699958521870287,1.1085686274509805,0.0801659125188537,0.6960784313725491,FALSE,TRUE
16232415,1,1,0.20673076923076925,2.186923076923077,0,0.8269230769230771,TRUE,TRUE
16232427,1,1,0,2.627307692307692,0,1,TRUE,TRUE
16232477,1,1,0.004999999999999999,3.575576923076923,0,1,TRUE,TRUE
16232509,1,1,0.33137254901960783,3.6411764705882352,0,1,TRUE,TRUE
16232549,1,1,0,2.02575,0,0.8769230769230769,TRUE,TRUE
16232652,1,1,0,1.3168148567119156,0,1,FALSE,TRUE
16232759,1,1,0.04257918552036198,0.6924532428355957,0.03846153846153846,0.34653092006033187,FALSE,FALSE
16232765,1,1,0.13807692307692304,0.6146153846153847,0.09615384615384613,1,FALSE,TRUE
16232791,1,1,0.1297579185520362,2.387134992458522,0.10444947209653091,1,TRUE,TRUE
16233441,1,1,0,0.38173076923076926,0,0.46153846153846145,FALSE,FALSE
16233443,1,1,0.38745098039215686,1.5842307692307696,0,0.5192307692307689,FALSE,TRUE
16233444,1,1,0.0272549019607843,2.3059615384615384,0,1,TRUE,TRUE
16233447,1,1,0,2.1323529411764706,0,1,TRUE,TRUE
16233448,0.9884615384615385,0.9769230769230769,0.001294117647058823,1.3518778280542987,0,0.9519230769230769,FALSE,TRUE
16233450,1,1,0,2.0984615384615384,0,0.923076923076923,TRUE,TRUE
16233451,1,0.9961538461538462,1.7672978955007257,2.758153846153846,0.675,0.9519230769230769,FALSE,FALSE
16233453,1,1,1.675686274509804,0.12403846153846154,1,0.019230769230769214,FALSE,FALSE
16233455,1,1,0.1460989010989011,1.1431602564102565,0.002747252747252745,0.42756410256410254,FALSE,FALSE
16233456,1,1,0.23363461538461536,1.7070384615384615,0.08076923076923073,0.9769230769230769,FALSE,TRUE
16233457,1,1,0.15444230769230768,1.54025,0,0.9865384615384615,FALSE,TRUE
16233459,0.9961538461538462,1,0.03509125188536954,1.8253970588235293,0,0.922737556561086,TRUE,TRUE
16233460,1,1,1.1248461538461538,2.5695,0.8384615384615385,1,FALSE,FALSE
16233464,1,1,0,0,0,0,FALSE,FALSE
16233465,1,1,0,1.1521153846153847,0,1,FALSE,TRUE
16233466,1,1,0,0.44823529411764707,0,0,FALSE,FALSE
16233467,1,1,2.2815384615384615,3.0317307692307693,0.4038461538461538,1,FALSE,TRUE
16233468,1,1,2.930576923076923,2.5190384615384613,1,1,FALSE,FALSE
16233469,1,1,0,0.8261346153846154,0,0.2846153846153846,FALSE,FALSE
16233470,1,1,0,1.9433333333333334,0,0.9019607843137255,TRUE,TRUE
16233472,1,1,0.04773076923076922,2.0923269230769233,0.009615384615384612,1,TRUE,TRUE
16233473,0.9230769230769231,1,0.2428846153846154,2.089423076923077,0,1,TRUE,TRUE
16233474,1,1,0,0.4623529411764706,0,0,FALSE,FALSE
16233475,1,1,0.44538461538461543,3.052641509433962,0.09615384615384612,0.8490566037735849,TRUE,TRUE
16233476,1,1,0.0033461538461538455,2.043596153846154,0.00961538461538461,1,TRUE,TRUE
16233477,1,1,2.690769230769231,2.4419607843137254,0.9038461538461539,0.8627450980392155,FALSE,FALSE
16233478,1,1,0.02963461538461539,1.6262394775036284,0.015384615384615382,0.9653846153846154,TRUE,TRUE
16233480,1,1,0.04446568627450979,1.054157616892911,0.01730769230769229,0.8957767722473605,FALSE,TRUE
16233482,1,1,0,0.20742307692307693,0,0.0423076923076923,FALSE,FALSE
16233486,1,1,0.3290384615384615,2.7175,0.5192307692307693,1,TRUE,FALSE
16233489,1,1,0.4465620464441219,2.1582971698113207,0.1193033381712627,0.94644412191582,TRUE,TRUE
16233491,0.948076923076923,1,1.7641538461538462,1.9014615384615385,0.7846153846153847,0.9173076923076923,FALSE,FALSE
16233492,1,1,0.1553996983408748,0.557802790346908,0.021417797888386114,0.2523755656108597,FALSE,FALSE
16233494,1,1,0.2941179245283019,0.8828095065312047,0.14615384615384616,0.9200653120464442,FALSE,TRUE
16233498,0.038461538461538464,0,0.006923076923076924,0,0,0,FALSE,FALSE
16233501,1,1,0.10285714285714286,0.7990196078431372,0.08163265306122444,1,FALSE,TRUE
16233502,1,1,0,1.1332692307692307,0,0.39807692307692305,FALSE,FALSE
16233503,1,1,0.3015576923076923,0.6757307692307691,0.13846153846153847,0.2923076923076923,FALSE,FALSE
16233504,0.9823529411764705,0.9784313725490196,0,1.4005490196078432,0,0.9921568627450981,FALSE,TRUE
16233505,1,1,0.4774509803921569,3.362941176470588,0.6274509803921572,1,TRUE,FALSE
16233506,0.7647058823529411,1,0.01411764705882353,2.4568627450980394,0,1,FALSE,FALSE
16233507,1,1,0.017538461538461537,0.43536236802413275,0,0,FALSE,FALSE
16233508,1,1,0.2597496229260935,2.788423076923077,0,0.9901960784313726,TRUE,TRUE
16233509,1,1,0.013461538461538462,0.017499999999999995,0,0,FALSE,FALSE
16233513,1,1,0.8728847719058596,3.609049709724238,0.2533381712626996,1,TRUE,TRUE
16233514,1,1,0.09647058823529407,0.43607843137254915,0,0.31372549019607837,FALSE,FALSE
16233515,1,1,0,1.965576923076923,0,1,TRUE,TRUE
16233516,1,1,1.10825,1.4467692307692308,0.8711538461538462,0.9903846153846154,FALSE,FALSE
16233517,1,1,0,1.673846153846154,0,0.9615384615384615,TRUE,TRUE
16233518,1,1,1.31,1.2725,1,1,FALSE,FALSE
16233519,1,1,0,0,0,0,FALSE,FALSE
16233520,1,1,0.6454807692307692,1.382210407239819,0.14807692307692305,1,FALSE,TRUE
16233522,1,1,0.07717307692307693,2.1601153846153847,0,1,TRUE,TRUE
16233524,1,1,1.1155384615384616,2.889653846153846,0.29230769230769227,0.9923076923076923,TRUE,TRUE
16233525,0.9826923076923076,1,0.05582692307692308,0.06734615384615385,0.015384615384615387,0.04230769230769228,FALSE,FALSE
16233527,1,1,0.04352941176470587,1.2590384615384616,0,0.3653846153846156,FALSE,FALSE
16233529,1,1,0.20877866473149492,2.1024615384615384,0,0.6826923076923077,TRUE,TRUE
16233534,1,1,0.12115384615384613,2.7475,0,0.8076923076923078,TRUE,TRUE
16233535,1,1,0.08998076923076924,0.08119230769230769,0,0,FALSE,FALSE
16233536,1,1,0.45326923076923087,2.6434615384615383,0.3846153846153844,1,TRUE,TRUE
16233537,1,1,0.0065852187028657624,0.18563423831070888,0,0.053846153846153856,FALSE,FALSE
16233540,1,1,1.9524859464555053,0.45549672667757773,0.9979166666666667,0.14423076923076925,FALSE,FALSE
16233542,1,1,0.09323413877925753,1.9050164758210977,0.015384615384615377,1,TRUE,TRUE
16233543,1,0,0,0,0,0,FALSE,FALSE
16233544,0.2792452830188679,0.604644412191582,0.15356567489114661,0.2567703193033382,0,0.013461538461538448,FALSE,FALSE
16233552,1,1,0.009480769230769232,1.6671993139687638,0,0.9941176470588236,TRUE,TRUE
16233553,1,1,4.615384615384618e-4,1.4575014513788098,0,0.8637518142235123,FALSE,TRUE
16233554,1,1,0,0.3550980392156862,0,0.33333333333333326,FALSE,FALSE
16233555,1,1,0.08288461538461538,3.2842307692307693,0,1,TRUE,TRUE
16233558,1,1,0,0.02450980392156862,0,0,FALSE,FALSE
16233561,1,1,0,2.977692307692308,0,1,TRUE,TRUE
16233562,1,1,0,0.3144230769230769,0,0,FALSE,FALSE
16233563,1,1,0.27305769230769233,1.4810576923076924,0.07692307692307693,0.9865384615384616,FALSE,TRUE
16233566,1,1,0,0.0043702865761689295,0,0,FALSE,FALSE
16233569,1,1,0,1.8707692307692307,0,1,TRUE,TRUE
16233571,1,1,0.09019607843137258,1.0490196078431373,0,0.8823529411764705,FALSE,TRUE
16233572,1,1,0,1.9396153846153845,0,1,TRUE,TRUE
16233574,1,1,0.24890384615384617,0.1091346153846154,0.07115384615384616,0.044230769230769226,FALSE,FALSE
16233577,1,1,0,0,0,0,FALSE,FALSE
16233578,1,1,0.5325,3.8023076923076924,0.25,1,TRUE,TRUE
16233579,1,1,0,3.331176470588235,0,1,TRUE,TRUE
16233581,1,1,0.13941176470588235,0.31470588235294117,0,0,FALSE,FALSE
16233582,1,1,0.0033099547511312223,0,0,0,FALSE,FALSE
16233585,1,1,0.13288461538461538,0.03307692307692307,0,0.5961538461538463,FALSE,TRUE
16233586,1,1,0,2.066730769230769,0,1,TRUE,TRUE
16233587,1,1,0.23153846153846153,2.0328846153846154,0,0.7884615384615385,TRUE,TRUE
16233588,1,1,0.37725,0.0074615384615384596,0.5173076923076924,0.026923076923076914,FALSE,FALSE
16233589,1,1,0,2.2890384615384614,0,1,TRUE,TRUE
16233595,1,1,0.4,1.205576923076923,0.07692307692307694,0.6730769230769229,FALSE,TRUE
16233618,1,1,0.33128374455732945,0.5015576923076923,0.41894049346879536,1,FALSE,TRUE
16233626,1,1,0,0.24963461538461537,0,0.009615384615384614,FALSE,FALSE
16233634,1,1,0.9913461538461538,0,0.5769230769230771,0,FALSE,FALSE
16233636,1,1,0,0.6475,0,1,FALSE,TRUE
16233642,1,1,2.0649038461538463,2.2672307692307694,1,1,FALSE,FALSE
16233646,1,1,0.8178846153846154,1.5609433962264152,0.8076923076923078,0.7735849056603773,FALSE,FALSE
16233666,1,1,0.6338823529411765,0.9631395173453997,0,0.04660633484162895,FALSE,FALSE
16234036,1,1,0.003211538461538462,0.7295896226415094,0,0.3752177068214804,FALSE,FALSE
16234038,1,1,0,1.4419230769230769,0,1,FALSE,TRUE
16246310,1,1,1.2653846153846153,3.9451923076923077,0,1,TRUE,TRUE
16246311,1,1,1.1253273001508295,1.326936274509804,0.7610105580693816,0.8923076923076922,FALSE,FALSE
16246312,1,1,2.876346153846154,2.181923076923077,1,0.7692307692307692,FALSE,FALSE
16246319,1,1,0.0936923076923077,0.04434615384615384,0.22692307692307695,0.01730769230769231,FALSE,FALSE
16246320,0.9923076923076923,0.9769230769230769,0.2894038461538462,1.2351923076923077,0.5442307692307693,0.9769230769230769,FALSE,FALSE
16246322,1,1,0.23215686274509806,2.3140384615384617,0,1,TRUE,TRUE
16246324,1,1,0,2.295,0,1,TRUE,TRUE
16246326,1,1,0,0.8926923076923077,0,0.5769230769230771,FALSE,TRUE
16246328,1,1,1.8974807692307691,1.4289807692307692,1,1,FALSE,FALSE
16246330,1,1,9.230769230769233e-4,0.09363461538461537,0,0.07115384615384615,FALSE,FALSE
16246332,1,1,0.975173076923077,1.052694847605225,0.5038461538461538,0.4812409288824383,FALSE,FALSE
16246333,1,0.9962264150943396,0.5247550798258346,2.2459706095791003,0.009615384615384618,0.9194121915820029,TRUE,TRUE
16246334,0.9961538461538462,0.32794117647058824,0.7686236802413273,0.09720965309200605,0.3805806938159879,0,FALSE,FALSE
16246336,1,1,0.9327450980392157,3.3419607843137253,0.15686274509803916,1,TRUE,TRUE
16246337,1,1,0,1.301923076923077,0,0.8269230769230771,FALSE,TRUE
16246339,1,1,0.06698076923076923,2.7374724238026125,0,0.9826923076923076,TRUE,TRUE
16246340,1,1,0.11696153846153848,2.219826923076923,0,0.7596153846153846,TRUE,TRUE
16246344,1,1,1.9230769230769225e-5,0.013,0,0.023076923076923085,FALSE,FALSE
16246345,1,1,0,3.1971153846153846,0,1,TRUE,TRUE
16246347,0.9923076923076923,0.9844630467571645,0.5388665309200603,1.0392200150829562,0.003846153846153843,0.06996078431372549,FALSE,FALSE
16246348,1,1,0,0.8781309869375906,0,0.5038461538461538,FALSE,TRUE
16246349,1,1,0.9850980392156863,2.4570588235294117,0,1,FALSE,TRUE
16246351,1,1,0,0,0.001960784313725489,0.007767722473604821,FALSE,FALSE
16246352,1,1,0.33442307692307693,0.14211538461538462,0,0,FALSE,FALSE
16246353,1,1,0,2.375955882352941,0,0.9921568627450981,TRUE,TRUE
16246354,1,1,0.8009615384615384,2.179607843137255,1,1,FALSE,FALSE
16246355,1,1,1.3226923076923078,0.916346153846154,0.8269230769230771,0.48076923076923106,FALSE,FALSE
16246357,1,1,0.0180392156862745,2.4880392156862743,0,0.8431372549019609,TRUE,TRUE
16246359,1,1,0,0.6058846153846154,0,0.14423076923076922,FALSE,FALSE
16246360,1,1,0.0023076923076923066,0.0011764705882352949,0,0,FALSE,FALSE
16246362,1,1,0.08192307692307693,2.5292307692307694,0.019230769230769214,1,TRUE,TRUE
16246363,1,1,0.5675848416289593,2.540003016591252,0.3335595776772247,0.9647812971342383,TRUE,TRUE
16246364,1,1,2.2263668929110105,2.3989879336349924,0.8162518853695324,0.9980769230769231,FALSE,FALSE
16246365,1,1,0,0.04647058823529412,0,0,FALSE,FALSE
16246366,1,1,0,1.5878076923076923,0,1,TRUE,TRUE
16246367,1,1,0.5354142376688038,3.6704455602537,0,0.8714587737843552,TRUE,TRUE
16246370,1,1,0.01144230769230769,0.05294343891402715,0,0,FALSE,FALSE
16246371,1,1,0.3689807692307692,2.9212884615384613,0.01538461538461538,1,TRUE,TRUE
16246372,0.9773584905660377,1,0.06585341074020319,1.5721650943396226,0,0.6385703918722787,TRUE,TRUE
16246373,1,1,0,2.749423076923077,0,1,TRUE,TRUE
16246375,1,1,0.10826923076923077,0.017115384615384602,0,0,FALSE,FALSE
16246376,1,1,0.020769230769230772,0.7813461538461539,0,0.28846153846153855,FALSE,FALSE
16246378,1,1,2.9126153846153846,3.5604769984917044,1,0.9901960784313726,FALSE,FALSE
16246379,1,1,0,0,0,0,FALSE,FALSE
16246380,1,1,0,1.8103846153846155,0,1,TRUE,TRUE
16246381,0,0,0,0,0,0,FALSE,FALSE
16246382,1,1,0.008980769230769231,2.850846153846154,0.011538461538461536,0.9923076923076923,TRUE,TRUE
16246384,1,1,0,0.06596153846153846,0,0,FALSE,FALSE
16246385,1,1,0.09978695324283561,2.6129343891402717,0.02549019607843138,1,TRUE,TRUE
16246386,1,1,0.9052692307692308,2.9382884615384617,0.3153846153846154,1,TRUE,TRUE
16246387,1,1,0.21538461538461537,3.0748,0.03846153846153845,1,TRUE,TRUE
16246388,0.28846153846153844,0.28846153846153844,0.0978846153846154,0.42499999999999977,0,0.28846153846153855,FALSE,FALSE
16246390,1,1,0,1.7441176470588236,0,0.8431372549019609,TRUE,TRUE
16246392,1,1,0.005769230769230767,1.323846153846154,0,1,FALSE,TRUE
16246394,1,1,0.12903846153846155,3.0265384615384616,0.038461538461538436,1,TRUE,TRUE
16246396,0.8307692307692308,1,2.884615384615383e-4,0.5539615384615385,0,0.2557692307692308,FALSE,FALSE
16246397,1,1,0.665,0.9680769230769233,0,0.6923076923076924,FALSE,TRUE
16246399,1,1,0.3135294117647059,2.0558823529411763,0,1,TRUE,TRUE
16246404,0.03653846153846154,0.04230769230769231,0,0.03532692307692309,0,0.01730769230769229,FALSE,FALSE
16246405,1,1,0.8248076923076924,3.164807692307692,0.25,1,TRUE,TRUE
16246406,1,1,2.5194117647058825,2.2119607843137254,1,1,FALSE,FALSE
16246415,1,1,0,2.671346153846154,0,1,TRUE,TRUE
16246417,1,1,0.3972158925979681,2.844850145137881,0.044230769230769205,0.9788461538461538,TRUE,TRUE
16246419,1,1,0.5333333333333333,2.2515686274509803,0.2549019607843139,1,TRUE,TRUE
16246422,1,1,0.10360180995475113,0.16626772247360483,0,0.001960784313725489,FALSE,FALSE
16246431,1,1,0.020846153846153848,0.2976923076923077,0.0019230769230769219,0,FALSE,FALSE
16246433,0.28846153846153844,1,0.16,3.055,0,1,FALSE,FALSE
16246435,1,1,0.45442307692307693,1.2031372549019608,0,0.7254901960784315,FALSE,TRUE
16246437,1,1,0.07700000000000001,3.1289038461538463,0.01923076923076924,1,TRUE,TRUE
16246441,1,1,0,3.359326923076923,0,1,TRUE,TRUE
16246442,1,1,0,0.31431485671191556,0,0.14871794871794872,FALSE,FALSE
16246443,1,1,0,1.0301923076923076,0,0.8076923076923078,FALSE,TRUE
16246449,1,1,0.24365761689291102,0.17624529724807195,0.013461538461538464,0,FALSE,FALSE
16246451,0.9807692307692307,1,0.17461538461538462,0,0,0,FALSE,FALSE
16246452,1,1,1.056346153846154,2.6586538461538463,0.3461538461538462,1,TRUE,TRUE
16246458,1,1,0.2932692307692308,2.3657692307692306,1,1,TRUE,FALSE
16246461,0,0,0,0,0,0,FALSE,FALSE
16246463,1,1,0,2.9348076923076922,0,0.9134615384615384,TRUE,TRUE
16246485,1,1,0,0.39403846153846156,0,0.6923076923076924,FALSE,TRUE
16246487,1,1,0,2.534423076923077,0,1,TRUE,TRUE
16246488,1,1,0,1.488076923076923,0.019230769230769214,1,FALSE,TRUE
16246491,1,1,0,1.2091346153846154,0,1,FALSE,TRUE
16246493,0.9942307692307693,1,0.0038461538461538446,0.12063461538461537,0,0.07884615384615386,FALSE,FALSE
16246499,0.7730769230769231,1,0.05284615384615384,0.9659038461538462,0,0,FALSE,FALSE
16246522,1,1,0,1.2149777526395173,0,0.9568627450980391,FALSE,TRUE
16246536,1,1,0.3448076923076923,2.357884615384615,0.038461538461538436,1,TRUE,TRUE
16246546,0.9942307692307693,0.9788461538461538,0.026381221719457015,0.061288838612368016,0,0.009615384615384612,FALSE,FALSE
16246549,1,1,0,2.6511923076923076,0,1,TRUE,TRUE
16246550,1,1,0.04326923076923077,5.769230769230773e-4,0,0,FALSE,FALSE
16246563,1,1,0,0.3565358220211161,0,0.22828054298642536,FALSE,FALSE
16246570,1,1,0.005115384615384616,0.04307692307692309,0,0,FALSE,FALSE
16246581,0.9239819004524887,0.9846153846153847,0.6298823529411764,0.5643329562594268,0.0038838612368024103,0.1615384615384615,FALSE,FALSE
16246590,1,1,0.8509807692307693,2.5864230769230767,0.30769230769230765,0.9692307692307692,TRUE,TRUE
16246592,1,1,0,0,0,0,FALSE,FALSE
16246604,1,1,0,2.4917307692307693,0,1,TRUE,TRUE
16246721,1,1,0,3.3452941176470588,0,1,TRUE,TRUE
16246930,1,1,0,2.1336538461538463,0,0.8269230769230771,TRUE,TRUE
16247016,1,1,0,1.3988461538461539,0,0.653846153846154,FALSE,TRUE
